Image Number,Category,Annotator,Expertise Level,Host,Version,NGT,NO,Annotation TP (objects),Annotation FP (objects),Annotation FN (objects),Annotation TN (objects),Segmentation TP (pixels),Segmentation FP (pixels),Segmentation TN (pixels),Segmentation FN (pixels),Segmentation Jaccard,Segmentation Precision,Segmentation Recall,Segmentation F1-Score,Segmentation Accuracy,Objects IoU,Image IoU,Mean - Annotation Time per Annotation (seconds)
N03,Manual,Annotator4,Expert,thumper epfl server,QuPath v4,1.0,1.0,1.0,0.0,0.0,0.0,17257.0,631.0,4173844.0,2572.0,0.84345,0.96472,0.87029,0.91508,0.99924,0.84345,0.84345,47.0
N06,Manual,Annotator4,Expert,thumper epfl server,QuPath v4,5.0,5.0,5.0,0.0,0.0,0.0,67405.0,3071.0,4118995.0,4833.0,0.89505,0.95642,0.9331,0.94462,0.99812,0.89505,0.89505,29.6
N07,Manual,Annotator4,Expert,thumper epfl server,QuPath v4,2.0,4.0,2.0,2.0,0.0,0.0,37340.0,10530.0,4144623.0,1811.0,0.7516,0.78003,0.95374,0.85818,0.99706,0.82075,0.7516,22.75
N08,Manual,Annotator4,Expert,thumper epfl server,QuPath v4,11.0,11.0,10.0,1.0,1.0,0.0,50528.0,11587.0,4120622.0,11567.0,0.68576,0.81346,0.81372,0.81359,0.99448,0.73367,0.68576,16.09091
N09,Manual,Annotator4,Expert,thumper epfl server,QuPath v4,13.0,16.0,12.0,4.0,1.0,0.0,59785.0,21390.0,4102636.0,10493.0,0.65219,0.7365,0.85069,0.78949,0.9924,0.76203,0.65219,18.125
N10,Manual,Annotator4,Expert,thumper epfl server,QuPath v4,12.0,17.0,11.0,6.0,1.0,0.0,48593.0,29073.0,4109455.0,7183.0,0.5727,0.62567,0.87122,0.7283,0.99136,0.74967,0.5727,17.35294
N11,Manual,Annotator4,Expert,thumper epfl server,QuPath v4,11.0,14.0,10.0,4.0,1.0,0.0,41093.0,23254.0,4124348.0,5609.0,0.58741,0.63862,0.8799,0.74009,0.99312,0.78938,0.58741,15.14286
N12,Manual,Annotator4,Expert,thumper epfl server,QuPath v4,8.0,7.0,8.0,0.0,0.0,0.0,38831.0,10774.0,4142504.0,2195.0,0.74963,0.7828,0.9465,0.8569,0.99691,0.74963,0.74963,18.57143
N13,Manual,Annotator4,Expert,thumper epfl server,QuPath v4,2.0,1.0,1.0,0.0,1.0,0.0,2385.0,2107.0,4188884.0,928.0,0.44004,0.53094,0.71989,0.61115,0.99928,0.53094,0.44004,14.0
N14,Manual,Annotator4,Expert,thumper epfl server,QuPath v4,6.0,7.0,6.0,1.0,0.0,0.0,27500.0,7095.0,4157595.0,2114.0,0.74914,0.79491,0.92861,0.85658,0.9978,0.78392,0.74914,15.85714
N15,Manual,Annotator4,Expert,thumper epfl server,QuPath v4,16.0,17.0,10.0,7.0,6.0,0.0,65605.0,32333.0,4074593.0,21773.0,0.54803,0.66986,0.75082,0.70803,0.9871,0.78038,0.54803,16.35294
N16,Manual,Annotator4,Expert,thumper epfl server,QuPath v4,14.0,19.0,14.0,6.0,0.0,0.0,111254.0,35235.0,4038482.0,9333.0,0.71398,0.75947,0.9226,0.83313,0.98937,0.80646,0.71398,19.42105
N17,Manual,Annotator4,Expert,thumper epfl server,QuPath v4,29.0,22.0,28.0,1.0,3.0,0.0,177445.0,69678.0,3920878.0,26303.0,0.64897,0.71804,0.8709,0.78712,0.97712,0.68873,0.64897,19.04545
N18,Manual,Annotator4,Expert,thumper epfl server,QuPath v4,33.0,29.0,30.0,4.0,4.0,0.0,230178.0,115063.0,3823157.0,25906.0,0.62018,0.66672,0.89884,0.76557,0.96639,0.66251,0.62018,20.44828
N19,Manual,Annotator4,Expert,thumper epfl server,QuPath v4,49.0,28.0,42.0,3.0,9.0,0.0,226291.0,133154.0,3813107.0,21752.0,0.59363,0.62956,0.91231,0.74501,0.96307,0.66467,0.59363,20.0
N20,Manual,Annotator4,Expert,thumper epfl server,QuPath v4,19.0,17.0,17.0,2.0,2.0,0.0,105824.0,24852.0,4044210.0,19418.0,0.70505,0.80982,0.84496,0.82701,0.98945,0.79874,0.70505,15.47059
N21,Manual,Annotator4,Expert,thumper epfl server,QuPath v4,32.0,25.0,34.0,3.0,0.0,0.0,192392.0,77023.0,3917087.0,7802.0,0.69401,0.71411,0.96103,0.81937,0.97978,0.73525,0.69401,18.4
N03,Manual,Annotator5,Expert,local MacBook Pro M3,QuPath v5,1.0,1.0,1.0,0.0,0.0,0.0,16241.0,859.0,4173616.0,3588.0,0.78504,0.94977,0.81905,0.87958,0.99894,0.78504,0.78504,5.0
N06,Manual,Annotator5,Expert,local MacBook Pro M3,QuPath v5,5.0,5.0,4.0,1.0,1.0,0.0,60295.0,5680.0,4116386.0,11943.0,0.77383,0.91391,0.83467,0.87249,0.9958,0.84383,0.77383,46.0
N07,Manual,Annotator5,Expert,local MacBook Pro M3,QuPath v5,2.0,2.0,2.0,0.0,0.0,0.0,35122.0,4337.0,4150816.0,4029.0,0.80763,0.89009,0.89709,0.89358,0.99801,0.80763,0.80763,30.0
N08,Manual,Annotator5,Expert,local MacBook Pro M3,QuPath v5,11.0,7.0,6.0,1.0,5.0,0.0,32269.0,9834.0,4122375.0,29826.0,0.44862,0.76643,0.51967,0.61938,0.99054,0.66149,0.44862,40.0
N09,Manual,Annotator5,Expert,local MacBook Pro M3,QuPath v5,13.0,13.0,11.0,2.0,2.0,0.0,53721.0,17985.0,4106041.0,16557.0,0.60865,0.74918,0.76441,0.75672,0.99176,0.74291,0.60865,33.84615
N10,Manual,Annotator5,Expert,local MacBook Pro M3,QuPath v5,12.0,11.0,9.0,2.0,3.0,0.0,39173.0,14201.0,4124327.0,16603.0,0.5598,0.73393,0.70233,0.71778,0.99266,0.76529,0.5598,46.36364
N11,Manual,Annotator5,Expert,local MacBook Pro M3,QuPath v5,11.0,8.0,7.0,1.0,4.0,0.0,32120.0,6381.0,4141221.0,14582.0,0.60509,0.83426,0.68776,0.75396,0.995,0.77793,0.60509,37.5
N12,Manual,Annotator5,Expert,local MacBook Pro M3,QuPath v5,8.0,6.0,5.0,1.0,3.0,0.0,27099.0,5594.0,4147684.0,13927.0,0.58127,0.82889,0.66053,0.7352,0.99535,0.76153,0.58127,16.66667
N14,Manual,Annotator5,Expert,local MacBook Pro M3,QuPath v5,6.0,5.0,5.0,0.0,1.0,0.0,19902.0,3269.0,4161421.0,9712.0,0.60524,0.85892,0.67205,0.75408,0.99691,0.65568,0.60524,10.0
N15,Manual,Annotator5,Expert,local MacBook Pro M3,QuPath v5,16.0,9.0,9.0,0.0,7.0,0.0,55329.0,6768.0,4100158.0,32049.0,0.58769,0.89101,0.63321,0.74031,0.99075,0.77495,0.58769,17.77778
N16,Manual,Annotator5,Expert,local MacBook Pro M3,QuPath v5,14.0,6.0,7.0,0.0,7.0,0.0,63149.0,5166.0,4068551.0,57438.0,0.50217,0.92438,0.52368,0.66859,0.98507,0.82188,0.50217,23.33333
N17,Manual,Annotator5,Expert,local MacBook Pro M3,QuPath v5,29.0,16.0,17.0,1.0,12.0,0.0,115565.0,24439.0,3966117.0,88183.0,0.50645,0.82544,0.5672,0.67237,0.97315,0.74688,0.50645,14.375
N18,Manual,Annotator5,Expert,local MacBook Pro M3,QuPath v5,33.0,16.0,20.0,0.0,13.0,0.0,178320.0,49947.0,3888273.0,77764.0,0.58269,0.78119,0.69633,0.73633,0.96955,0.68705,0.58269,16.875
N19,Manual,Annotator5,Expert,local MacBook Pro M3,QuPath v5,49.0,16.0,29.0,2.0,20.0,0.0,183557.0,110022.0,3836239.0,64486.0,0.51264,0.62524,0.74002,0.6778,0.95839,0.63129,0.51264,12.5
N20,Manual,Annotator5,Expert,local MacBook Pro M3,QuPath v5,19.0,11.0,13.0,0.0,6.0,0.0,94672.0,8175.0,4060887.0,30570.0,0.70959,0.92051,0.75591,0.83013,0.99076,0.81705,0.70959,18.18182
N21,Manual,Annotator5,Expert,local MacBook Pro M3,QuPath v5,32.0,14.0,21.0,0.0,11.0,0.0,141261.0,35645.0,3958465.0,58933.0,0.59897,0.79851,0.70562,0.7492,0.97745,0.72519,0.59897,14.28571
N03,Manual,Annotator3,Expert,thumper epfl server,QuPath v4,1.0,1.0,1.0,0.0,0.0,0.0,19155.0,4161.0,4170314.0,674.0,0.79846,0.82154,0.96601,0.88794,0.99885,0.79846,0.79846,27.0
N06,Manual,Annotator3,Expert,thumper epfl server,QuPath v4,5.0,6.0,5.0,1.0,0.0,0.0,65263.0,9882.0,4112184.0,6975.0,0.79473,0.86849,0.90344,0.88562,0.99598,0.8243,0.79473,12.16667
N07,Manual,Annotator3,Expert,thumper epfl server,QuPath v4,2.0,2.0,2.0,0.0,0.0,0.0,36405.0,7249.0,4147904.0,2746.0,0.78459,0.83394,0.92986,0.87929,0.99762,0.78459,0.78459,16.5
N08,Manual,Annotator3,Expert,thumper epfl server,QuPath v4,11.0,8.0,8.0,0.0,3.0,0.0,42307.0,17780.0,4114429.0,19788.0,0.52967,0.7041,0.68133,0.69252,0.99104,0.62251,0.52967,12.0
N09,Manual,Annotator3,Expert,thumper epfl server,QuPath v4,13.0,17.0,13.0,4.0,1.0,0.0,53162.0,27612.0,4096414.0,17116.0,0.54308,0.65816,0.75645,0.70389,0.98934,0.65118,0.54308,3.47059
N10,Manual,Annotator3,Expert,thumper epfl server,QuPath v4,12.0,10.0,9.0,1.0,3.0,0.0,40752.0,12391.0,4126137.0,15024.0,0.59783,0.76684,0.73064,0.7483,0.99346,0.72988,0.59783,5.6
N11,Manual,Annotator3,Expert,thumper epfl server,QuPath v4,11.0,9.0,9.0,0.0,2.0,0.0,37747.0,8302.0,4139300.0,8955.0,0.68626,0.81971,0.80825,0.81394,0.99589,0.74749,0.68626,4.66667
N12,Manual,Annotator3,Expert,thumper epfl server,QuPath v4,8.0,5.0,5.0,0.0,3.0,0.0,28940.0,7436.0,4145842.0,12086.0,0.59717,0.79558,0.70541,0.74778,0.99535,0.73605,0.59717,4.2
N13,Manual,Annotator3,Expert,thumper epfl server,QuPath v4,2.0,2.0,1.0,1.0,1.0,0.0,2051.0,3429.0,4187562.0,1262.0,0.30421,0.37427,0.61908,0.46651,0.99888,0.66721,0.30421,10.0
N14,Manual,Annotator3,Expert,thumper epfl server,QuPath v4,6.0,4.0,4.0,0.0,2.0,0.0,21185.0,4393.0,4160297.0,8429.0,0.62296,0.82825,0.71537,0.76768,0.99694,0.72227,0.62296,8.25
N15,Manual,Annotator3,Expert,thumper epfl server,QuPath v4,16.0,13.0,11.0,2.0,5.0,0.0,60558.0,20112.0,4086814.0,26820.0,0.56338,0.75069,0.69306,0.72072,0.98881,0.71993,0.56338,2.61538
N16,Manual,Annotator3,Expert,thumper epfl server,QuPath v4,14.0,10.0,11.0,0.0,3.0,0.0,91998.0,10080.0,4063637.0,28589.0,0.70406,0.90125,0.76292,0.82634,0.99078,0.75667,0.70406,3.8
N17,Manual,Annotator3,Expert,thumper epfl server,QuPath v4,29.0,15.0,18.0,1.0,15.0,0.0,110045.0,29893.0,3960663.0,93703.0,0.471,0.78638,0.5401,0.64038,0.97053,0.70533,0.471,5.06667
N18,Manual,Annotator3,Expert,thumper epfl server,QuPath v4,33.0,25.0,25.0,3.0,12.0,0.0,182362.0,59515.0,3878705.0,73722.0,0.57783,0.75395,0.71212,0.73243,0.96823,0.69526,0.57783,3.0
N19,Manual,Annotator3,Expert,thumper epfl server,QuPath v4,49.0,34.0,44.0,3.0,16.0,0.0,187504.0,69085.0,3877176.0,60539.0,0.59126,0.73076,0.75593,0.74313,0.9691,0.68286,0.59126,2.35294
N20,Manual,Annotator3,Expert,thumper epfl server,QuPath v4,19.0,18.0,18.0,2.0,3.0,0.0,101518.0,18823.0,4050239.0,23724.0,0.70467,0.84359,0.81057,0.82675,0.98986,0.77521,0.70467,2.77778
N21,Manual,Annotator3,Expert,thumper epfl server,QuPath v4,32.0,22.0,31.0,0.0,4.0,0.0,159851.0,37373.0,3956737.0,40343.0,0.67287,0.8105,0.79848,0.80445,0.98147,0.70911,0.67287,3.13636
N03,Manual,Annotator2,Expert,thumper epfl server,QuPath v4,1.0,1.0,1.0,0.0,0.0,0.0,18199.0,2482.0,4171993.0,1630.0,0.8157,0.87999,0.9178,0.89849,0.99902,0.8157,0.8157,39.0
N06,Manual,Annotator2,Expert,thumper epfl server,QuPath v4,5.0,4.0,4.0,0.0,1.0,0.0,62599.0,2591.0,4119475.0,9639.0,0.83656,0.96025,0.86657,0.91101,0.99708,0.87927,0.83656,53.0
N07,Manual,Annotator2,Expert,thumper epfl server,QuPath v4,2.0,2.0,2.0,0.0,0.0,0.0,37091.0,7516.0,4147637.0,2060.0,0.7948,0.83151,0.94738,0.88567,0.99772,0.7948,0.7948,43.5
N08,Manual,Annotator2,Expert,thumper epfl server,QuPath v4,11.0,3.0,3.0,0.0,8.0,0.0,18775.0,3375.0,4128834.0,43320.0,0.28677,0.84763,0.30236,0.44572,0.98887,0.77567,0.28677,39.0
N09,Manual,Annotator2,Expert,thumper epfl server,QuPath v4,13.0,6.0,6.0,0.0,7.0,0.0,35304.0,8511.0,4115515.0,34974.0,0.44808,0.80575,0.50235,0.61886,0.98963,0.76135,0.44808,39.5
N10,Manual,Annotator2,Expert,thumper epfl server,QuPath v4,12.0,9.0,9.0,0.0,4.0,0.0,36476.0,6985.0,4131543.0,19300.0,0.58119,0.83928,0.65397,0.73513,0.99373,0.77115,0.58119,48.88889
N11,Manual,Annotator2,Expert,thumper epfl server,QuPath v4,11.0,11.0,9.0,2.0,2.0,0.0,39044.0,26623.0,4120979.0,7658.0,0.53248,0.59458,0.83602,0.69492,0.99183,0.73347,0.53248,27.18182
N12,Manual,Annotator2,Expert,thumper epfl server,QuPath v4,8.0,2.0,3.0,0.0,5.0,0.0,16103.0,5837.0,4147441.0,24923.0,0.34362,0.73396,0.39251,0.51148,0.99267,0.70695,0.34362,43.0
N14,Manual,Annotator2,Expert,thumper epfl server,QuPath v4,6.0,4.0,3.0,1.0,3.0,0.0,10704.0,5293.0,4159397.0,18910.0,0.30664,0.66913,0.36145,0.46936,0.99423,0.75974,0.30664,34.5
N15,Manual,Annotator2,Expert,thumper epfl server,QuPath v4,16.0,10.0,9.0,1.0,7.0,0.0,57896.0,12834.0,4094092.0,29482.0,0.57774,0.81855,0.66259,0.73236,0.98991,0.78201,0.57774,10.3
N16,Manual,Annotator2,Expert,thumper epfl server,QuPath v4,14.0,10.0,10.0,0.0,4.0,0.0,100463.0,17859.0,4055858.0,20124.0,0.72565,0.84906,0.83312,0.84101,0.99094,0.80064,0.72565,14.5
N17,Manual,Annotator2,Expert,thumper epfl server,QuPath v4,29.0,17.0,19.0,0.0,11.0,0.0,138358.0,42586.0,3947970.0,65390.0,0.56167,0.76465,0.67906,0.71932,0.97426,0.72313,0.56167,12.35294
N18,Manual,Annotator2,Expert,thumper epfl server,QuPath v4,33.0,19.0,23.0,1.0,12.0,0.0,189552.0,74838.0,3863382.0,66532.0,0.5728,0.71694,0.74019,0.72838,0.96629,0.69119,0.5728,17.52632
N19,Manual,Annotator2,Expert,thumper epfl server,QuPath v4,49.0,33.0,44.0,4.0,12.0,0.0,213473.0,118684.0,3827577.0,34570.0,0.5821,0.64269,0.86063,0.73586,0.96346,0.66825,0.5821,10.24242
N20,Manual,Annotator2,Expert,thumper epfl server,QuPath v4,19.0,12.0,14.0,1.0,5.0,0.0,101372.0,23958.0,4045104.0,23870.0,0.67944,0.80884,0.80941,0.80912,0.9886,0.79514,0.67944,19.33333
N21,Manual,Annotator2,Expert,thumper epfl server,QuPath v4,32.0,25.0,36.0,1.0,2.0,0.0,182133.0,61564.0,3932546.0,18061.0,0.69581,0.74737,0.90978,0.82062,0.98102,0.72036,0.69581,14.12
N07,SAM,Annotator4,Expert,thumper epfl server,QuPath v4,2.0,5.0,2.0,3.0,0.0,0.0,37295.0,13334.0,4141819.0,1856.0,0.71058,0.73663,0.95259,0.83081,0.99638,0.83858,0.71058,10.4
N13,SAM,Annotator4,Expert,thumper epfl server,QuPath v4,2.0,2.0,1.0,1.0,1.0,0.0,2347.0,1829.0,4189162.0,966.0,0.45644,0.56202,0.70842,0.62679,0.99933,0.752,0.45644,22.5
N08,SAM,Annotator4,Expert,thumper epfl server,QuPath v4,11.0,8.0,8.0,0.0,3.0,0.0,40734.0,7147.0,4125062.0,21361.0,0.58828,0.85073,0.65599,0.74078,0.9932,0.75832,0.58828,18.5
N18,SAM,Annotator4,Expert,thumper epfl server,QuPath v4,33.0,30.0,30.0,4.0,3.0,0.0,234366.0,141171.0,3797049.0,21718.0,0.58996,0.62408,0.91519,0.74211,0.96116,0.61484,0.58996,14.33333
N14,SAM,Annotator4,Expert,thumper epfl server,QuPath v4,6.0,9.0,6.0,3.0,0.0,0.0,26825.0,14199.0,4150491.0,2789.0,0.61226,0.65389,0.90582,0.75951,0.99595,0.76099,0.61226,15.88889
N10,SAM,Annotator4,Expert,thumper epfl server,QuPath v4,12.0,17.0,11.0,6.0,1.0,0.0,47932.0,24284.0,4114244.0,7844.0,0.5987,0.66373,0.85937,0.74898,0.99234,0.77236,0.5987,16.0
N16,SAM,Annotator4,Expert,thumper epfl server,QuPath v4,14.0,15.0,14.0,2.0,0.0,0.0,112027.0,38842.0,4034875.0,8560.0,0.70268,0.74254,0.92901,0.82538,0.9887,0.73611,0.70268,12.6
N15,SAM,Annotator4,Expert,thumper epfl server,QuPath v4,16.0,21.0,15.0,7.0,1.0,0.0,82521.0,61281.0,4045645.0,4857.0,0.5551,0.57385,0.94441,0.71391,0.98423,0.67959,0.5551,8.19048
N21,SAM,Annotator4,Expert,thumper epfl server,QuPath v4,32.0,29.0,36.0,5.0,0.0,0.0,195376.0,96795.0,3897315.0,4818.0,0.65786,0.6687,0.97593,0.79362,0.97577,0.70595,0.65786,8.2069
N06,SAM,Annotator4,Expert,thumper epfl server,QuPath v4,5.0,5.0,4.0,1.0,1.0,0.0,63962.0,6605.0,4115461.0,8276.0,0.81126,0.9064,0.88543,0.89579,0.99645,0.89187,0.81126,14.0
N20,SAM,Annotator4,Expert,thumper epfl server,QuPath v4,19.0,19.0,19.0,3.0,0.0,0.0,119938.0,35625.0,4033437.0,5304.0,0.74557,0.77099,0.95765,0.85424,0.99024,0.7876,0.74557,7.10526
N09,SAM,Annotator4,Expert,thumper epfl server,QuPath v4,13.0,14.0,12.0,2.0,1.0,0.0,60321.0,25835.0,4098191.0,9957.0,0.62761,0.70014,0.85832,0.7712,0.99147,0.74669,0.62761,6.71429
N12,SAM,Annotator4,Expert,thumper epfl server,QuPath v4,8.0,6.0,5.0,1.0,3.0,0.0,31425.0,15342.0,4137936.0,9601.0,0.5575,0.67195,0.76598,0.71589,0.99405,0.67467,0.5575,11.33333
N03,SAM,Annotator4,Expert,thumper epfl server,QuPath v4,1.0,3.0,1.0,2.0,0.0,0.0,17180.0,2567.0,4171908.0,2649.0,0.7671,0.87001,0.86641,0.8682,0.99876,0.85682,0.7671,7.33333
N11,SAM,Annotator4,Expert,thumper epfl server,QuPath v4,11.0,10.0,10.0,0.0,1.0,0.0,38193.0,7167.0,4140435.0,8509.0,0.709,0.842,0.8178,0.82972,0.99626,0.77645,0.709,6.9
N17,SAM,Annotator4,Expert,thumper epfl server,QuPath v4,29.0,24.0,28.0,3.0,1.0,0.0,188222.0,109794.0,3880762.0,15526.0,0.60031,0.63158,0.9238,0.75024,0.97012,0.63267,0.60031,7.45833
N19,SAM,Annotator4,Expert,thumper epfl server,QuPath v4,49.0,27.0,41.0,3.0,8.0,0.0,230215.0,164545.0,3781716.0,17828.0,0.55798,0.58318,0.92813,0.71628,0.95652,0.60818,0.55798,6.66667
N07,SAM,Annotator5,Expert,local MacBook Pro M3,QuPath v5,2.0,1.0,1.0,0.0,1.0,0.0,25011.0,2400.0,4152753.0,14140.0,0.60193,0.91244,0.63883,0.75151,0.99606,0.89061,0.60193,25.0
N13,SAM,Annotator5,Expert,local MacBook Pro M3,QuPath v5,2.0,1.0,1.0,0.0,1.0,0.0,2366.0,753.0,4190238.0,947.0,0.5819,0.75858,0.71416,0.7357,0.99959,0.75398,0.5819,30.0
N08,SAM,Annotator5,Expert,local MacBook Pro M3,QuPath v5,11.0,9.0,9.0,0.0,2.0,0.0,48911.0,9832.0,4122377.0,13184.0,0.68001,0.83263,0.78768,0.80953,0.99451,0.7457,0.68001,23.33333
N18,SAM,Annotator5,Expert,local MacBook Pro M3,QuPath v5,33.0,19.0,22.0,0.0,11.0,0.0,201152.0,68874.0,3869346.0,54932.0,0.61901,0.74494,0.78549,0.76468,0.97048,0.69649,0.61901,7.36842
N10,SAM,Annotator5,Expert,local MacBook Pro M3,QuPath v5,12.0,10.0,8.0,2.0,4.0,0.0,36357.0,15085.0,4123443.0,19419.0,0.51307,0.70676,0.65184,0.67819,0.99177,0.76964,0.51307,20.0
N16,SAM,Annotator5,Expert,local MacBook Pro M3,QuPath v5,14.0,12.0,13.0,0.0,1.0,0.0,103615.0,17140.0,4056577.0,16972.0,0.75232,0.85806,0.85926,0.85866,0.99187,0.7712,0.75232,22.5
N15,SAM,Annotator5,Expert,local MacBook Pro M3,QuPath v5,16.0,10.0,9.0,1.0,7.0,0.0,57494.0,9754.0,4097172.0,29884.0,0.59192,0.85495,0.65799,0.74365,0.99055,0.80476,0.59192,33.0
N21,SAM,Annotator5,Expert,local MacBook Pro M3,QuPath v5,32.0,13.0,21.0,0.0,12.0,0.0,141429.0,44317.0,3949793.0,58765.0,0.57842,0.76141,0.70646,0.73291,0.97542,0.73573,0.57842,10.0
N06,SAM,Annotator5,Expert,local MacBook Pro M3,QuPath v5,5.0,4.0,4.0,0.0,1.0,0.0,63137.0,1157.0,4120909.0,9101.0,0.86024,0.982,0.87401,0.92487,0.99755,0.90506,0.86024,12.5
N20,SAM,Annotator5,Expert,local MacBook Pro M3,QuPath v5,19.0,11.0,13.0,0.0,6.0,0.0,100921.0,13788.0,4055274.0,24321.0,0.72589,0.8798,0.80581,0.84118,0.99091,0.83074,0.72589,11.81818
N09,SAM,Annotator5,Expert,local MacBook Pro M3,QuPath v5,13.0,8.0,8.0,0.0,5.0,0.0,44039.0,6391.0,4117635.0,26239.0,0.5744,0.87327,0.62664,0.72968,0.99222,0.75095,0.5744,23.75
N12,SAM,Annotator5,Expert,local MacBook Pro M3,QuPath v5,8.0,7.0,6.0,1.0,2.0,0.0,31005.0,6196.0,4147082.0,10021.0,0.65658,0.83345,0.75574,0.79269,0.99613,0.8074,0.65658,9.28571
N03,SAM,Annotator5,Expert,local MacBook Pro M3,QuPath v5,1.0,1.0,1.0,0.0,0.0,0.0,16326.0,64.0,4174411.0,3503.0,0.82069,0.9961,0.82334,0.90152,0.99915,0.82069,0.82069,20.0
N11,SAM,Annotator5,Expert,local MacBook Pro M3,QuPath v5,11.0,10.0,7.0,3.0,4.0,0.0,28033.0,10762.0,4136840.0,18669.0,0.48784,0.72259,0.60025,0.65577,0.99298,0.70353,0.48784,14.0
N17,SAM,Annotator5,Expert,local MacBook Pro M3,QuPath v5,29.0,10.0,15.0,0.0,15.0,0.0,117130.0,44658.0,3945898.0,86618.0,0.47153,0.72397,0.57488,0.64087,0.9687,0.65891,0.47153,14.5
N19,SAM,Annotator5,Expert,local MacBook Pro M3,QuPath v5,49.0,15.0,26.0,1.0,23.0,0.0,153880.0,72309.0,3873952.0,94163.0,0.48035,0.68032,0.62038,0.64897,0.96031,0.62946,0.48035,10.66667
N07,SAM,Annotator3,Expert,thumper epfl server,QuPath v4,2.0,2.0,2.0,0.0,0.0,0.0,37328.0,5431.0,4149722.0,1823.0,0.83729,0.87299,0.95344,0.91144,0.99827,0.83729,0.83729,14.0
N13,SAM,Annotator3,Expert,thumper epfl server,QuPath v4,2.0,2.0,1.0,1.0,1.0,0.0,2368.0,2244.0,4188747.0,945.0,0.42613,0.51344,0.71476,0.5976,0.99924,0.73885,0.42613,13.5
N08,SAM,Annotator3,Expert,thumper epfl server,QuPath v4,11.0,9.0,9.0,0.0,2.0,0.0,40059.0,7034.0,4125175.0,22036.0,0.57948,0.85064,0.64512,0.73376,0.99307,0.70722,0.57948,9.11111
N18,SAM,Annotator3,Expert,thumper epfl server,QuPath v4,33.0,24.0,28.0,0.0,7.0,0.0,206972.0,103701.0,3834519.0,49112.0,0.57527,0.66621,0.80822,0.73037,0.96357,0.60731,0.57527,5.875
N14,SAM,Annotator3,Expert,thumper epfl server,QuPath v4,6.0,6.0,5.0,1.0,1.0,0.0,21674.0,4918.0,4159772.0,7940.0,0.62765,0.81506,0.73188,0.77123,0.99693,0.70638,0.62765,5.83333
N10,SAM,Annotator3,Expert,thumper epfl server,QuPath v4,12.0,11.0,8.0,3.0,4.0,0.0,36452.0,15928.0,4122600.0,19324.0,0.50837,0.69591,0.65354,0.67406,0.9916,0.77025,0.50837,5.81818
N16,SAM,Annotator3,Expert,thumper epfl server,QuPath v4,14.0,10.0,11.0,0.0,3.0,0.0,103037.0,18131.0,4055586.0,17550.0,0.74278,0.85036,0.85446,0.85241,0.99149,0.79967,0.74278,3.7
N15,SAM,Annotator3,Expert,thumper epfl server,QuPath v4,16.0,9.0,8.0,1.0,8.0,0.0,58592.0,16558.0,4090368.0,28786.0,0.56373,0.77967,0.67056,0.72101,0.98919,0.78722,0.56373,2.66667
N21,SAM,Annotator3,Expert,thumper epfl server,QuPath v4,32.0,19.0,31.0,0.0,5.0,0.0,177963.0,64417.0,3929693.0,22231.0,0.67255,0.73423,0.88895,0.80422,0.97934,0.71518,0.67255,7.31579
N06,SAM,Annotator3,Expert,thumper epfl server,QuPath v4,5.0,4.0,4.0,0.0,1.0,0.0,62447.0,1494.0,4120572.0,9791.0,0.84695,0.97663,0.86446,0.91713,0.99731,0.89087,0.84695,3.75
N20,SAM,Annotator3,Expert,thumper epfl server,QuPath v4,19.0,11.0,13.0,0.0,6.0,0.0,102039.0,14664.0,4054398.0,23203.0,0.72934,0.87435,0.81473,0.84349,0.99097,0.83393,0.72934,2.54545
N09,SAM,Annotator3,Expert,thumper epfl server,QuPath v4,13.0,12.0,10.0,2.0,3.0,0.0,51808.0,23275.0,4100751.0,18470.0,0.55378,0.69001,0.73719,0.71282,0.99005,0.73735,0.55378,3.0
N12,SAM,Annotator3,Expert,thumper epfl server,QuPath v4,8.0,6.0,6.0,0.0,2.0,0.0,33679.0,9073.0,4144205.0,7347.0,0.67225,0.78778,0.82092,0.80401,0.99609,0.7602,0.67225,3.83333
N03,SAM,Annotator3,Expert,thumper epfl server,QuPath v4,1.0,1.0,1.0,0.0,0.0,0.0,16986.0,64.0,4174411.0,2843.0,0.85387,0.99625,0.85662,0.92117,0.99931,0.85387,0.85387,1.0
N11,SAM,Annotator3,Expert,thumper epfl server,QuPath v4,11.0,9.0,8.0,1.0,3.0,0.0,32666.0,6310.0,4141292.0,14036.0,0.6162,0.83811,0.69946,0.76253,0.99515,0.81518,0.6162,4.77778
N17,SAM,Annotator3,Expert,thumper epfl server,QuPath v4,29.0,17.0,22.0,2.0,8.0,0.0,149975.0,68172.0,3922384.0,53773.0,0.55154,0.6875,0.73608,0.71096,0.97093,0.669,0.55154,3.70588
N19,SAM,Annotator3,Expert,thumper epfl server,QuPath v4,49.0,21.0,36.0,1.0,15.0,0.0,203496.0,79943.0,3866318.0,44547.0,0.62044,0.71795,0.82041,0.76577,0.97032,0.7099,0.62044,1.71429
N07,SAM,Annotator2,Expert,thumper epfl server,QuPath v4,2.0,4.0,2.0,2.0,0.0,0.0,37326.0,8722.0,4146431.0,1825.0,0.77969,0.81059,0.95339,0.87621,0.99749,0.82937,0.77969,3.75
N13,SAM,Annotator2,Expert,thumper epfl server,QuPath v4,2.0,1.0,1.0,0.0,1.0,0.0,2364.0,861.0,4190130.0,949.0,0.56636,0.73302,0.71355,0.72316,0.99957,0.72828,0.56636,10.0
N08,SAM,Annotator2,Expert,thumper epfl server,QuPath v4,11.0,5.0,5.0,0.0,6.0,0.0,30979.0,4645.0,4127564.0,31116.0,0.46417,0.86961,0.4989,0.63404,0.99147,0.78701,0.46417,7.4
N18,SAM,Annotator2,Expert,thumper epfl server,QuPath v4,33.0,19.0,21.0,1.0,12.0,0.0,203963.0,78426.0,3859794.0,52121.0,0.60974,0.72228,0.79647,0.75756,0.96888,0.71927,0.60974,4.0
N14,SAM,Annotator2,Expert,thumper epfl server,QuPath v4,6.0,4.0,4.0,0.0,2.0,0.0,20972.0,2127.0,4162563.0,8642.0,0.66072,0.90792,0.70818,0.79571,0.99743,0.84873,0.66072,5.0
N10,SAM,Annotator2,Expert,thumper epfl server,QuPath v4,12.0,6.0,6.0,0.0,6.0,0.0,29270.0,5978.0,4132550.0,26506.0,0.47398,0.8304,0.52478,0.64313,0.99226,0.74787,0.47398,3.83333
N16,SAM,Annotator2,Expert,thumper epfl server,QuPath v4,14.0,14.0,14.0,1.0,1.0,0.0,110860.0,34858.0,4038859.0,9727.0,0.71318,0.76078,0.91934,0.83258,0.98937,0.75606,0.71318,3.57143
N15,SAM,Annotator2,Expert,thumper epfl server,QuPath v4,16.0,9.0,8.0,1.0,8.0,0.0,55678.0,13897.0,4093029.0,31700.0,0.54977,0.80026,0.63721,0.70949,0.98913,0.79787,0.54977,1.66667
N21,SAM,Annotator2,Expert,thumper epfl server,QuPath v4,32.0,19.0,29.0,0.0,7.0,0.0,172212.0,52918.0,3941192.0,27982.0,0.68038,0.76494,0.86023,0.80979,0.98071,0.74468,0.68038,3.42105
N06,SAM,Annotator2,Expert,thumper epfl server,QuPath v4,5.0,4.0,4.0,0.0,1.0,0.0,62296.0,1478.0,4120588.0,9942.0,0.84508,0.97682,0.86237,0.91604,0.99728,0.88891,0.84508,2.25
N20,SAM,Annotator2,Expert,thumper epfl server,QuPath v4,19.0,12.0,14.0,0.0,5.0,0.0,97432.0,14578.0,4054484.0,27810.0,0.69684,0.86985,0.77795,0.82134,0.98989,0.81273,0.69684,3.58333
N09,SAM,Annotator2,Expert,thumper epfl server,QuPath v4,13.0,6.0,6.0,0.0,7.0,0.0,37316.0,11515.0,4112511.0,32962.0,0.45622,0.76419,0.53098,0.62659,0.9894,0.70721,0.45622,4.33333
N12,SAM,Annotator2,Expert,thumper epfl server,QuPath v4,8.0,4.0,4.0,0.0,4.0,0.0,18094.0,4067.0,4149211.0,22932.0,0.40126,0.81648,0.44104,0.57271,0.99356,0.78615,0.40126,3.75
N03,SAM,Annotator2,Expert,thumper epfl server,QuPath v4,1.0,1.0,1.0,0.0,0.0,0.0,16908.0,117.0,4174358.0,2921.0,0.84769,0.99313,0.85269,0.91757,0.99928,0.84769,0.84769,4.0
N11,SAM,Annotator2,Expert,thumper epfl server,QuPath v4,11.0,9.0,8.0,1.0,3.0,0.0,32985.0,5871.0,4141731.0,13717.0,0.62741,0.8489,0.70629,0.77106,0.99533,0.79689,0.62741,4.0
N17,SAM,Annotator2,Expert,thumper epfl server,QuPath v4,29.0,24.0,26.0,3.0,7.0,0.0,153210.0,68925.0,3921631.0,50538.0,0.56188,0.68972,0.75196,0.71949,0.97152,0.68526,0.56188,4.41667
N19,SAM,Annotator2,Expert,thumper epfl server,QuPath v4,49.0,26.0,38.0,3.0,12.0,0.0,215640.0,118795.0,3827466.0,32403.0,0.58783,0.64479,0.86937,0.74042,0.96395,0.67175,0.58783,5.30769
N17,SAM corrected,Annotator4,Expert,thumper epfl server,QuPath v4,29.0,31.0,29.0,8.0,2.0,0.0,187328.0,107381.0,3883175.0,16420.0,0.60209,0.63564,0.91941,0.75163,0.97048,0.71181,0.60209,27.12903
N19,SAM corrected,Annotator4,Expert,thumper epfl server,QuPath v4,49.0,44.0,52.0,9.0,5.0,0.0,233351.0,160240.0,3786021.0,14692.0,0.57154,0.59288,0.94077,0.72736,0.95829,0.65336,0.57154,20.38636
N20,SAM corrected,Annotator4,Expert,thumper epfl server,QuPath v4,19.0,18.0,17.0,4.0,2.0,0.0,116544.0,30536.0,4038526.0,8698.0,0.74814,0.79239,0.93055,0.85593,0.99065,0.8056,0.74814,9.83333
N15,SAM corrected,Annotator4,Expert,thumper epfl server,QuPath v4,16.0,20.0,11.0,10.0,5.0,0.0,73633.0,52400.0,4054526.0,13745.0,0.52679,0.58424,0.84269,0.69006,0.98423,0.72959,0.52679,12.3
N16,SAM corrected,Annotator4,Expert,thumper epfl server,QuPath v4,14.0,18.0,14.0,5.0,0.0,0.0,112546.0,53348.0,4020369.0,8041.0,0.64706,0.67842,0.93332,0.78571,0.98536,0.71587,0.64706,13.66667
N13,SAM corrected,Annotator4,Expert,thumper epfl server,QuPath v4,2.0,1.0,1.0,0.0,1.0,0.0,2351.0,854.0,4190137.0,962.0,0.56419,0.73354,0.70963,0.72139,0.99957,0.72584,0.56419,15.0
N18,SAM corrected,Annotator4,Expert,thumper epfl server,QuPath v4,33.0,32.0,29.0,7.0,5.0,0.0,227343.0,148298.0,3789922.0,28741.0,0.5622,0.60521,0.88777,0.71975,0.95779,0.62156,0.5622,14.71875
N08,SAM corrected,Annotator4,Expert,thumper epfl server,QuPath v4,11.0,13.0,11.0,2.0,0.0,0.0,55652.0,18825.0,4113384.0,6443.0,0.68774,0.74724,0.89624,0.81498,0.99398,0.73231,0.68774,13.69231
N12,SAM corrected,Annotator4,Expert,thumper epfl server,QuPath v4,8.0,7.0,6.0,1.0,2.0,0.0,34305.0,18262.0,4135016.0,6721.0,0.57862,0.6526,0.83618,0.73307,0.99404,0.70139,0.57862,14.28571
N14,SAM corrected,Annotator4,Expert,thumper epfl server,QuPath v4,6.0,6.0,6.0,0.0,0.0,0.0,27949.0,12969.0,4151721.0,1665.0,0.65634,0.68305,0.94378,0.79252,0.99651,0.65634,0.65634,12.5
N10,SAM corrected,Annotator4,Expert,thumper epfl server,QuPath v4,12.0,14.0,11.0,3.0,1.0,0.0,47884.0,19044.0,4119484.0,7892.0,0.63999,0.71546,0.85851,0.78048,0.99358,0.78613,0.63999,15.42857
N11,SAM corrected,Annotator4,Expert,thumper epfl server,QuPath v4,11.0,13.0,11.0,2.0,0.0,0.0,42516.0,25983.0,4121619.0,4186.0,0.58493,0.62068,0.91037,0.73812,0.99281,0.77285,0.58493,7.15385
N03,SAM corrected,Annotator4,Expert,thumper epfl server,QuPath v4,1.0,4.0,1.0,3.0,0.0,0.0,18397.0,4703.0,4169772.0,1432.0,0.74992,0.79641,0.92778,0.85709,0.99854,0.89632,0.74992,16.0
N07,SAM corrected,Annotator4,Expert,thumper epfl server,QuPath v4,2.0,4.0,2.0,2.0,0.0,0.0,37321.0,10731.0,4144422.0,1830.0,0.74819,0.77668,0.95326,0.85596,0.99701,0.81853,0.74819,3.0
N06,SAM corrected,Annotator4,Expert,thumper epfl server,QuPath v4,5.0,7.0,5.0,2.0,0.0,0.0,70256.0,7936.0,4114130.0,1982.0,0.87629,0.89851,0.97256,0.93407,0.99764,0.92669,0.87629,8.28571
N21,SAM corrected,Annotator4,Expert,thumper epfl server,QuPath v4,32.0,24.0,33.0,1.0,0.0,0.0,195110.0,80604.0,3913506.0,5084.0,0.69484,0.70765,0.9746,0.81995,0.97957,0.71528,0.69484,9.33333
N09,SAM corrected,Annotator4,Expert,thumper epfl server,QuPath v4,13.0,13.0,12.0,1.0,1.0,0.0,61234.0,23798.0,4100228.0,9044.0,0.6509,0.72013,0.87131,0.78854,0.99217,0.74022,0.6509,12.69231
N17,SAM corrected,Annotator5,Expert,local MacBook Pro M3,QuPath v5,29.0,13.0,18.0,1.0,11.0,0.0,137740.0,52322.0,3938234.0,66008.0,0.5379,0.72471,0.67603,0.69953,0.97179,0.7036,0.5379,15.76923
N19,SAM corrected,Annotator5,Expert,local MacBook Pro M3,QuPath v5,49.0,20.0,34.0,1.0,15.0,0.0,208323.0,103727.0,3842534.0,39720.0,0.59221,0.66759,0.83987,0.74389,0.9658,0.6793,0.59221,22.5
N20,SAM corrected,Annotator5,Expert,local MacBook Pro M3,QuPath v5,19.0,9.0,12.0,0.0,7.0,0.0,96581.0,13709.0,4055353.0,28661.0,0.69507,0.8757,0.77116,0.82011,0.9899,0.83564,0.69507,15.22222
N15,SAM corrected,Annotator5,Expert,local MacBook Pro M3,QuPath v5,16.0,8.0,8.0,0.0,8.0,0.0,56770.0,9795.0,4097131.0,30608.0,0.58422,0.85285,0.64971,0.73755,0.99037,0.80068,0.58422,16.875
N16,SAM corrected,Annotator5,Expert,local MacBook Pro M3,QuPath v5,14.0,9.0,9.0,0.0,5.0,0.0,96226.0,23442.0,4050275.0,24361.0,0.6681,0.80411,0.79798,0.80103,0.9886,0.76247,0.6681,23.33333
N13,SAM corrected,Annotator5,Expert,local MacBook Pro M3,QuPath v5,2.0,4.0,1.0,3.0,1.0,0.0,2259.0,6119.0,4184872.0,1054.0,0.2395,0.26963,0.68186,0.38645,0.99829,0.76524,0.2395,50.0
N18,SAM corrected,Annotator5,Expert,local MacBook Pro M3,QuPath v5,33.0,21.0,24.0,0.0,9.0,0.0,208837.0,67675.0,3870545.0,47247.0,0.64504,0.75525,0.8155,0.78422,0.9726,0.70132,0.64504,27.14286
N08,SAM corrected,Annotator5,Expert,local MacBook Pro M3,QuPath v5,11.0,7.0,8.0,0.0,3.0,0.0,36867.0,8427.0,4123782.0,25228.0,0.52277,0.81395,0.59372,0.68661,0.99198,0.67018,0.52277,38.57143
N12,SAM corrected,Annotator5,Expert,local MacBook Pro M3,QuPath v5,8.0,7.0,6.0,2.0,2.0,0.0,34517.0,21096.0,4132182.0,6509.0,0.55563,0.62066,0.84134,0.71435,0.99342,0.6864,0.55563,22.85714
N14,SAM corrected,Annotator5,Expert,local MacBook Pro M3,QuPath v5,6.0,5.0,5.0,0.0,1.0,0.0,22578.0,6757.0,4157933.0,7036.0,0.62077,0.76966,0.76241,0.76602,0.99671,0.66718,0.62077,14.0
N10,SAM corrected,Annotator5,Expert,local MacBook Pro M3,QuPath v5,12.0,11.0,9.0,2.0,3.0,0.0,44404.0,17236.0,4121292.0,11372.0,0.60817,0.72038,0.79611,0.75635,0.99318,0.79135,0.60817,8.18182
N11,SAM corrected,Annotator5,Expert,local MacBook Pro M3,QuPath v5,11.0,8.0,6.0,2.0,5.0,0.0,24036.0,10156.0,4137446.0,22666.0,0.42274,0.70297,0.51467,0.59426,0.99217,0.73372,0.42274,16.25
N03,SAM corrected,Annotator5,Expert,local MacBook Pro M3,QuPath v5,1.0,1.0,1.0,0.0,0.0,0.0,16464.0,21.0,4174454.0,3365.0,0.82942,0.99873,0.8303,0.90676,0.99919,0.82942,0.82942,25.0
N07,SAM corrected,Annotator5,Expert,local MacBook Pro M3,QuPath v5,2.0,1.0,1.0,0.0,1.0,0.0,25023.0,2415.0,4152738.0,14128.0,0.60201,0.91198,0.63914,0.75157,0.99606,0.89056,0.60201,15.0
N21,SAM corrected,Annotator5,Expert,local MacBook Pro M3,QuPath v5,32.0,12.0,21.0,0.0,12.0,0.0,142037.0,35514.0,3958596.0,58157.0,0.6026,0.79998,0.7095,0.75203,0.97767,0.7471,0.6026,12.5
N09,SAM corrected,Annotator5,Expert,local MacBook Pro M3,QuPath v5,13.0,12.0,9.0,3.0,4.0,0.0,45045.0,15109.0,4108917.0,25233.0,0.52754,0.74883,0.64095,0.6907,0.99038,0.75817,0.52754,23.33333
N17,SAM corrected,Annotator3,Expert,thumper epfl server,QuPath v4,29.0,15.0,20.0,1.0,9.0,0.0,137932.0,50816.0,3939740.0,65816.0,0.54184,0.73077,0.67697,0.70285,0.97219,0.66774,0.54184,13.0
N19,SAM corrected,Annotator3,Expert,thumper epfl server,QuPath v4,49.0,23.0,36.0,2.0,14.0,0.0,209908.0,106504.0,3839757.0,38135.0,0.59205,0.6634,0.84626,0.74375,0.96552,0.68485,0.59205,7.52174
N20,SAM corrected,Annotator3,Expert,thumper epfl server,QuPath v4,19.0,13.0,17.0,0.0,5.0,0.0,102579.0,12504.0,4056558.0,22663.0,0.7447,0.89135,0.81905,0.85367,0.99162,0.83291,0.7447,7.69231
N15,SAM corrected,Annotator3,Expert,thumper epfl server,QuPath v4,16.0,15.0,11.0,4.0,5.0,0.0,66270.0,24220.0,4082706.0,21108.0,0.59383,0.73235,0.75843,0.74516,0.98919,0.77888,0.59383,7.13333
N16,SAM corrected,Annotator3,Expert,thumper epfl server,QuPath v4,14.0,11.0,11.0,1.0,3.0,0.0,102737.0,23792.0,4049925.0,17850.0,0.71158,0.81196,0.85197,0.83149,0.99007,0.79645,0.71158,2.45455
N13,SAM corrected,Annotator3,Expert,thumper epfl server,QuPath v4,2.0,1.0,1.0,0.0,1.0,0.0,2350.0,777.0,4190214.0,963.0,0.57457,0.75152,0.70933,0.72981,0.99959,0.7432,0.57457,32.0
N18,SAM corrected,Annotator3,Expert,thumper epfl server,QuPath v4,33.0,22.0,24.0,2.0,12.0,0.0,191568.0,78403.0,3859817.0,64516.0,0.57272,0.70959,0.74807,0.72832,0.96593,0.68272,0.57272,3.27273
N08,SAM corrected,Annotator3,Expert,thumper epfl server,QuPath v4,11.0,9.0,9.0,0.0,2.0,0.0,48912.0,10145.0,4122064.0,13183.0,0.67708,0.82822,0.7877,0.80745,0.99444,0.73913,0.67708,5.11111
N12,SAM corrected,Annotator3,Expert,thumper epfl server,QuPath v4,8.0,6.0,6.0,0.0,2.0,0.0,33593.0,10162.0,4143116.0,7433.0,0.65627,0.76775,0.81882,0.79247,0.99581,0.74006,0.65627,2.66667
N14,SAM corrected,Annotator3,Expert,thumper epfl server,QuPath v4,6.0,6.0,6.0,0.0,0.0,0.0,26671.0,7350.0,4157340.0,2943.0,0.72154,0.78396,0.90062,0.83825,0.99755,0.72154,0.72154,9.33333
N10,SAM corrected,Annotator3,Expert,thumper epfl server,QuPath v4,12.0,13.0,9.0,4.0,3.0,0.0,38405.0,18915.0,4119613.0,17371.0,0.51419,0.67001,0.68856,0.67916,0.99135,0.77074,0.51419,5.38462
N11,SAM corrected,Annotator3,Expert,thumper epfl server,QuPath v4,11.0,10.0,10.0,0.0,1.0,0.0,39634.0,5478.0,4142124.0,7068.0,0.75956,0.87857,0.84866,0.86335,0.99701,0.78461,0.75956,4.5
N03,SAM corrected,Annotator3,Expert,thumper epfl server,QuPath v4,1.0,1.0,1.0,0.0,0.0,0.0,17466.0,144.0,4174331.0,2363.0,0.87448,0.99182,0.88083,0.93304,0.9994,0.87448,0.87448,17.0
N07,SAM corrected,Annotator3,Expert,thumper epfl server,QuPath v4,2.0,3.0,2.0,1.0,0.0,0.0,37159.0,6887.0,4148266.0,1992.0,0.80714,0.84364,0.94912,0.89328,0.99788,0.85127,0.80714,1.33333
N06,SAM corrected,Annotator3,Expert,thumper epfl server,QuPath v4,5.0,4.0,4.0,0.0,1.0,0.0,62533.0,1227.0,4120839.0,9705.0,0.85119,0.98076,0.86565,0.91962,0.99739,0.8955,0.85119,2.75
N21,SAM corrected,Annotator3,Expert,thumper epfl server,QuPath v4,32.0,20.0,30.0,0.0,5.0,0.0,177611.0,58577.0,3935533.0,22583.0,0.68636,0.75199,0.88719,0.81402,0.98065,0.72891,0.68636,4.45
N09,SAM corrected,Annotator3,Expert,thumper epfl server,QuPath v4,13.0,13.0,11.0,2.0,2.0,0.0,52499.0,27965.0,4096061.0,17779.0,0.53438,0.65245,0.74702,0.69654,0.98909,0.70028,0.53438,2.07692
N17,SAM corrected,Annotator2,Expert,thumper epfl server,QuPath v4,29.0,30.0,31.0,4.0,2.0,0.0,182153.0,79659.0,3910897.0,21595.0,0.64273,0.69574,0.89401,0.78251,0.97586,0.70481,0.64273,7.3
N19,SAM corrected,Annotator2,Expert,thumper epfl server,QuPath v4,49.0,34.0,47.0,3.0,10.0,0.0,221858.0,116320.0,3829941.0,26185.0,0.60889,0.65604,0.89443,0.75691,0.96602,0.68784,0.60889,7.73529
N20,SAM corrected,Annotator2,Expert,thumper epfl server,QuPath v4,19.0,13.0,15.0,0.0,4.0,0.0,109637.0,15248.0,4053814.0,15605.0,0.78039,0.8779,0.8754,0.87665,0.99264,0.83508,0.78039,2.69231
N15,SAM corrected,Annotator2,Expert,thumper epfl server,QuPath v4,16.0,9.0,9.0,0.0,7.0,0.0,60115.0,10503.0,4096423.0,27263.0,0.61416,0.85127,0.68799,0.76097,0.991,0.80013,0.61416,3.88889
N16,SAM corrected,Annotator2,Expert,thumper epfl server,QuPath v4,14.0,12.0,12.0,1.0,2.0,0.0,108707.0,26895.0,4046822.0,11880.0,0.73709,0.80166,0.90148,0.84865,0.99076,0.79859,0.73709,11.33333
N18,SAM corrected,Annotator2,Expert,thumper epfl server,QuPath v4,33.0,23.0,27.0,1.0,10.0,0.0,206945.0,78092.0,3860128.0,49139.0,0.61927,0.72603,0.80811,0.76488,0.96967,0.68998,0.61927,11.26087
N08,SAM corrected,Annotator2,Expert,thumper epfl server,QuPath v4,11.0,5.0,5.0,0.0,6.0,0.0,26683.0,4425.0,4127784.0,35412.0,0.40113,0.85775,0.42971,0.57258,0.9905,0.714,0.40113,7.6
N12,SAM corrected,Annotator2,Expert,thumper epfl server,QuPath v4,8.0,3.0,3.0,0.0,5.0,0.0,15158.0,8890.0,4144388.0,25868.0,0.30367,0.63032,0.36947,0.46587,0.99171,0.61892,0.30367,29.66667
N14,SAM corrected,Annotator2,Expert,thumper epfl server,QuPath v4,6.0,3.0,3.0,0.0,3.0,0.0,9174.0,868.0,4163822.0,20440.0,0.30096,0.91356,0.30979,0.46268,0.99492,0.76202,0.30096,10.33333
N10,SAM corrected,Annotator2,Expert,thumper epfl server,QuPath v4,12.0,9.0,9.0,0.0,3.0,0.0,39957.0,7526.0,4131002.0,15819.0,0.63121,0.8415,0.71638,0.77392,0.99443,0.77447,0.63121,7.11111
N11,SAM corrected,Annotator2,Expert,thumper epfl server,QuPath v4,11.0,10.0,9.0,1.0,2.0,0.0,36998.0,7767.0,4139835.0,9704.0,0.67925,0.82649,0.79221,0.80899,0.99583,0.80319,0.67925,4.0
N03,SAM corrected,Annotator2,Expert,thumper epfl server,QuPath v4,1.0,1.0,1.0,0.0,0.0,0.0,17412.0,280.0,4174195.0,2417.0,0.86588,0.98417,0.87811,0.92812,0.99936,0.86588,0.86588,4.0
N07,SAM corrected,Annotator2,Expert,thumper epfl server,QuPath v4,2.0,2.0,2.0,0.0,0.0,0.0,37146.0,4667.0,4150486.0,2005.0,0.84773,0.88838,0.94879,0.91759,0.99841,0.84773,0.84773,4.0
N06,SAM corrected,Annotator2,Expert,thumper epfl server,QuPath v4,5.0,4.0,4.0,0.0,1.0,0.0,62956.0,1312.0,4120754.0,9282.0,0.85596,0.97959,0.87151,0.92239,0.99747,0.90046,0.85596,3.25
N21,SAM corrected,Annotator2,Expert,thumper epfl server,QuPath v4,32.0,23.0,33.0,1.0,3.0,0.0,181750.0,53403.0,3940707.0,18444.0,0.71669,0.7729,0.90787,0.83497,0.98287,0.74719,0.71669,3.6087
N09,SAM corrected,Annotator2,Expert,thumper epfl server,QuPath v4,13.0,8.0,7.0,1.0,6.0,0.0,40000.0,21194.0,4102832.0,30278.0,0.43729,0.65366,0.56917,0.60849,0.98773,0.72089,0.43729,15.75
N03,Manual,Annotator1,Ground truth,paperino epfl server,QuPath v4,1.0,1.0,1.0,0.0,0.0,0.0,19829.0,0.0,4174475.0,0.0,1.0,1.0,1.0,1.0,1.0,1.0,1.0,10.0
N06,Manual,Annotator1,Ground truth,paperino epfl server,QuPath v4,5.0,5.0,5.0,0.0,0.0,0.0,72238.0,0.0,4122066.0,0.0,1.0,1.0,1.0,1.0,1.0,1.0,1.0,7.4
N07,Manual,Annotator1,Ground truth,paperino epfl server,QuPath v4,2.0,2.0,2.0,0.0,0.0,0.0,39151.0,0.0,4155153.0,0.0,1.0,1.0,1.0,1.0,1.0,1.0,1.0,22.5
N08,Manual,Annotator1,Ground truth,paperino epfl server,QuPath v4,11.0,11.0,11.0,0.0,0.0,0.0,62095.0,0.0,4132209.0,0.0,1.0,1.0,1.0,1.0,1.0,1.0,1.0,11.36364
N09,Manual,Annotator1,Ground truth,paperino epfl server,QuPath v4,13.0,13.0,13.0,0.0,0.0,0.0,70278.0,0.0,4124026.0,0.0,1.0,1.0,1.0,1.0,1.0,1.0,1.0,9.61538
N10,Manual,Annotator1,Ground truth,paperino epfl server,QuPath v4,12.0,12.0,12.0,0.0,0.0,0.0,55776.0,0.0,4138528.0,0.0,1.0,1.0,1.0,1.0,1.0,1.0,1.0,13.83333
N11,Manual,Annotator1,Ground truth,paperino epfl server,QuPath v4,11.0,11.0,11.0,0.0,0.0,0.0,46702.0,0.0,4147602.0,0.0,1.0,1.0,1.0,1.0,1.0,1.0,1.0,5.72727
N12,Manual,Annotator1,Ground truth,paperino epfl server,QuPath v4,8.0,8.0,8.0,0.0,0.0,0.0,41026.0,0.0,4153278.0,0.0,1.0,1.0,1.0,1.0,1.0,1.0,1.0,7.5
N13,Manual,Annotator1,Ground truth,paperino epfl server,QuPath v4,2.0,2.0,2.0,0.0,0.0,0.0,3313.0,0.0,4190991.0,0.0,1.0,1.0,1.0,1.0,1.0,1.0,1.0,21.0
N14,Manual,Annotator1,Ground truth,paperino epfl server,QuPath v4,6.0,6.0,6.0,0.0,0.0,0.0,29614.0,0.0,4164690.0,0.0,1.0,1.0,1.0,1.0,1.0,1.0,1.0,9.5
N15,Manual,Annotator1,Ground truth,paperino epfl server,QuPath v4,16.0,16.0,16.0,0.0,0.0,0.0,87378.0,0.0,4106926.0,0.0,1.0,1.0,1.0,1.0,1.0,1.0,1.0,7.1875
N16,Manual,Annotator1,Ground truth,paperino epfl server,QuPath v4,14.0,14.0,14.0,0.0,0.0,0.0,120587.0,0.0,4073717.0,0.0,1.0,1.0,1.0,1.0,1.0,1.0,1.0,10.0
N17,Manual,Annotator1,Ground truth,paperino epfl server,QuPath v4,29.0,29.0,29.0,0.0,0.0,0.0,203748.0,0.0,3990556.0,0.0,1.0,1.0,1.0,1.0,1.0,1.0,1.0,6.96552
N18,Manual,Annotator1,Ground truth,paperino epfl server,QuPath v4,33.0,33.0,33.0,0.0,0.0,0.0,256084.0,0.0,3938220.0,0.0,1.0,1.0,1.0,1.0,1.0,1.0,1.0,6.9697
N19,Manual,Annotator1,Ground truth,paperino epfl server,QuPath v4,49.0,49.0,49.0,0.0,0.0,0.0,248043.0,0.0,3946261.0,0.0,1.0,1.0,1.0,1.0,1.0,1.0,1.0,6.08163
N20,Manual,Annotator1,Ground truth,paperino epfl server,QuPath v4,19.0,19.0,19.0,0.0,0.0,0.0,125242.0,0.0,4069062.0,0.0,1.0,1.0,1.0,1.0,1.0,1.0,1.0,6.57895
N07,SAM,Annotator1,Ground truth,paperino epfl server,QuPath v4,2.0,2.0,2.0,0.0,0.0,0.0,37459.0,5584.0,4149569.0,1692.0,0.83735,0.87027,0.95678,0.91148,0.99827,0.83735,0.83735,15.0
N08,SAM,Annotator1,Ground truth,paperino epfl server,QuPath v4,11.0,10.0,9.0,1.0,2.0,0.0,42405.0,11453.0,4120756.0,19690.0,0.57656,0.78735,0.68291,0.73142,0.99257,0.69467,0.57656,11.2
N18,SAM,Annotator1,Ground truth,paperino epfl server,QuPath v4,33.0,32.0,33.0,2.0,5.0,0.0,212452.0,76650.0,3861570.0,43632.0,0.6385,0.73487,0.82962,0.77937,0.97132,0.69309,0.6385,4.6875
N14,SAM,Annotator1,Ground truth,paperino epfl server,QuPath v4,6.0,5.0,4.0,1.0,2.0,0.0,21947.0,8923.0,4155767.0,7667.0,0.5695,0.71095,0.7411,0.72571,0.99604,0.76369,0.5695,10.0
N10,SAM,Annotator1,Ground truth,paperino epfl server,QuPath v4,12.0,11.0,10.0,1.0,2.0,0.0,42648.0,11927.0,4126601.0,13128.0,0.62993,0.78146,0.76463,0.77295,0.99403,0.76694,0.62993,10.63636
N16,SAM,Annotator1,Ground truth,paperino epfl server,QuPath v4,14.0,14.0,14.0,1.0,0.0,0.0,110294.0,25571.0,4048146.0,10293.0,0.75462,0.81179,0.91464,0.86015,0.99145,0.7853,0.75462,8.78571
N15,SAM,Annotator1,Ground truth,paperino epfl server,QuPath v4,16.0,15.0,12.0,3.0,4.0,0.0,74515.0,26181.0,4080745.0,12863.0,0.65618,0.74,0.85279,0.7924,0.99069,0.75286,0.65618,5.33333
N21,SAM,Annotator1,Ground truth,paperino epfl server,QuPath v4,32.0,28.0,38.0,0.0,1.0,0.0,187271.0,57887.0,3936223.0,12923.0,0.72563,0.76388,0.93545,0.841,0.98312,0.73206,0.72563,5.35714
N06,SAM,Annotator1,Ground truth,paperino epfl server,QuPath v4,5.0,5.0,5.0,0.0,0.0,0.0,68616.0,2986.0,4119080.0,3622.0,0.91216,0.9583,0.94986,0.95406,0.99842,0.91216,0.91216,8.2
N20,SAM,Annotator1,Ground truth,paperino epfl server,QuPath v4,19.0,18.0,20.0,1.0,1.0,0.0,116320.0,24794.0,4044268.0,8922.0,0.77528,0.8243,0.92876,0.87342,0.99196,0.81471,0.77528,4.61111
N09,SAM,Annotator1,Ground truth,paperino epfl server,QuPath v4,13.0,14.0,12.0,2.0,1.0,0.0,58682.0,11850.0,4112176.0,11596.0,0.71452,0.83199,0.835,0.83349,0.99441,0.77081,0.71452,7.78571
N12,SAM,Annotator1,Ground truth,paperino epfl server,QuPath v4,8.0,7.0,7.0,0.0,1.0,0.0,37122.0,8478.0,4144800.0,3904.0,0.74988,0.81408,0.90484,0.85706,0.99705,0.77666,0.74988,6.57143
N03,SAM,Annotator1,Ground truth,paperino epfl server,QuPath v4,1.0,1.0,1.0,0.0,0.0,0.0,17446.0,543.0,4173932.0,2383.0,0.85637,0.96981,0.87982,0.92263,0.9993,0.85637,0.85637,20.0
N11,SAM,Annotator1,Ground truth,paperino epfl server,QuPath v4,11.0,14.0,11.0,3.0,0.0,0.0,41821.0,13541.0,4134061.0,4881.0,0.69421,0.75541,0.89549,0.81951,0.99561,0.78694,0.69421,8.35714
N17,SAM,Annotator1,Ground truth,paperino epfl server,QuPath v4,29.0,28.0,26.0,6.0,6.0,0.0,153763.0,44438.0,3946118.0,49985.0,0.61955,0.77579,0.75467,0.76509,0.97749,0.74406,0.61955,6.75
N19,SAM,Annotator1,Ground truth,paperino epfl server,QuPath v4,49.0,28.0,40.0,1.0,16.0,0.0,208453.0,88877.0,3857384.0,39590.0,0.6187,0.70108,0.84039,0.76444,0.96937,0.70493,0.6187,4.64286
N17,SAM corrected,Annotator1,Ground truth,paperino epfl server,QuPath v4,29.0,25.0,28.0,2.0,5.0,0.0,167483.0,64509.0,3926047.0,36265.0,0.62434,0.72193,0.82201,0.76873,0.97597,0.69873,0.62434,17.28
N19,SAM corrected,Annotator1,Ground truth,paperino epfl server,QuPath v4,49.0,37.0,48.0,4.0,8.0,0.0,215262.0,109036.0,3837225.0,32781.0,0.60284,0.66378,0.86784,0.75222,0.96619,0.66633,0.60284,4.64865
N20,SAM corrected,Annotator1,Ground truth,paperino epfl server,QuPath v4,19.0,16.0,18.0,0.0,2.0,0.0,111828.0,20432.0,4048630.0,13414.0,0.76766,0.84552,0.8929,0.86856,0.99193,0.79207,0.76766,5.75
N15,SAM corrected,Annotator1,Ground truth,paperino epfl server,QuPath v4,16.0,11.0,10.0,1.0,6.0,0.0,66513.0,18301.0,4088625.0,20865.0,0.62939,0.78422,0.76121,0.77254,0.99066,0.76761,0.62939,5.45455
N16,SAM corrected,Annotator1,Ground truth,paperino epfl server,QuPath v4,14.0,13.0,15.0,0.0,2.0,0.0,106385.0,17354.0,4056363.0,14202.0,0.77124,0.85975,0.88223,0.87084,0.99248,0.80455,0.77124,6.53846
N18,SAM corrected,Annotator1,Ground truth,paperino epfl server,QuPath v4,33.0,26.0,28.0,1.0,9.0,0.0,206667.0,62743.0,3875477.0,49417.0,0.64821,0.76711,0.80703,0.78656,0.97326,0.72161,0.64821,10.42308
N08,SAM corrected,Annotator1,Ground truth,paperino epfl server,QuPath v4,11.0,12.0,10.0,2.0,1.0,0.0,45375.0,12487.0,4119722.0,16720.0,0.60839,0.78419,0.73074,0.75652,0.99304,0.69637,0.60839,8.0
N12,SAM corrected,Annotator1,Ground truth,paperino epfl server,QuPath v4,8.0,7.0,7.0,0.0,1.0,0.0,33266.0,4545.0,4148733.0,7760.0,0.72998,0.8798,0.81085,0.84392,0.99707,0.77684,0.72998,7.14286
N14,SAM corrected,Annotator1,Ground truth,paperino epfl server,QuPath v4,6.0,6.0,6.0,0.0,1.0,0.0,25305.0,6169.0,4158521.0,4309.0,0.70718,0.804,0.85449,0.82848,0.9975,0.7523,0.70718,15.83333
N10,SAM corrected,Annotator1,Ground truth,paperino epfl server,QuPath v4,12.0,17.0,11.0,6.0,1.0,0.0,47314.0,21846.0,4116682.0,8462.0,0.60954,0.68412,0.84829,0.75741,0.99277,0.78501,0.60954,13.35294
N11,SAM corrected,Annotator1,Ground truth,paperino epfl server,QuPath v4,11.0,15.0,11.0,4.0,0.0,0.0,42220.0,16537.0,4131065.0,4482.0,0.66763,0.71855,0.90403,0.80069,0.99499,0.7822,0.66763,7.8
N03,SAM corrected,Annotator1,Ground truth,paperino epfl server,QuPath v4,1.0,1.0,1.0,0.0,0.0,0.0,17102.0,42.0,4174433.0,2727.0,0.86065,0.99755,0.86247,0.92511,0.99934,0.86065,0.86065,15.0
N07,SAM corrected,Annotator1,Ground truth,paperino epfl server,QuPath v4,2.0,2.0,2.0,0.0,0.0,0.0,37401.0,6972.0,4148181.0,1750.0,0.8109,0.84288,0.9553,0.89557,0.99792,0.8109,0.8109,7.5
N06,SAM corrected,Annotator1,Ground truth,paperino epfl server,QuPath v4,5.0,4.0,4.0,0.0,1.0,0.0,67325.0,4020.0,4118046.0,4913.0,0.88286,0.94365,0.93199,0.93779,0.99787,0.92705,0.88286,12.5
N21,SAM corrected,Annotator1,Ground truth,paperino epfl server,QuPath v4,32.0,24.0,33.0,0.0,4.0,0.0,149085.0,48653.0,3945457.0,51109.0,0.5991,0.75395,0.7447,0.7493,0.97621,0.71097,0.5991,4.20833
N09,SAM corrected,Annotator1,Ground truth,paperino epfl server,QuPath v4,13.0,12.0,12.0,0.0,1.0,0.0,57543.0,10058.0,4113968.0,12735.0,0.71628,0.85122,0.81879,0.83469,0.99457,0.73145,0.71628,6.0
N03,Manual,Annotator7,Non expert,thumper epfl server,QuPath v4,1.0,1.0,1.0,0.0,0.0,0.0,13503.0,274.0,4174201.0,6326.0,0.67169,0.98011,0.68097,0.80361,0.99843,0.67169,0.67169,45.0
N06,Manual,Annotator7,Non expert,thumper epfl server,QuPath v4,5.0,3.0,3.0,0.0,2.0,0.0,43151.0,871.0,4121195.0,29087.0,0.59023,0.98021,0.59734,0.74232,0.99286,0.88933,0.59023,18.33333
N07,Manual,Annotator7,Non expert,thumper epfl server,QuPath v4,2.0,1.0,1.0,0.0,1.0,0.0,24839.0,2203.0,4152950.0,14312.0,0.60064,0.91853,0.63444,0.7505,0.99606,0.89073,0.60064,40.0
N08,Manual,Annotator7,Non expert,thumper epfl server,QuPath v4,11.0,8.0,7.0,1.0,4.0,0.0,35955.0,8220.0,4123989.0,26140.0,0.51134,0.81392,0.57903,0.67667,0.99181,0.66771,0.51134,32.5
N09,Manual,Annotator7,Non expert,thumper epfl server,QuPath v4,13.0,8.0,8.0,0.0,5.0,0.0,45957.0,3829.0,4120197.0,24321.0,0.62014,0.92309,0.65393,0.76554,0.99329,0.78397,0.62014,31.875
N10,Manual,Annotator7,Non expert,thumper epfl server,QuPath v4,12.0,9.0,8.0,1.0,4.0,0.0,36704.0,8264.0,4130264.0,19072.0,0.57314,0.81622,0.65806,0.72866,0.99348,0.80247,0.57314,32.88889
N11,Manual,Annotator7,Non expert,thumper epfl server,QuPath v4,11.0,7.0,7.0,0.0,4.0,0.0,33730.0,6398.0,4141204.0,12972.0,0.63522,0.84056,0.72224,0.77692,0.99538,0.77653,0.63522,42.57143
N12,Manual,Annotator7,Non expert,thumper epfl server,QuPath v4,8.0,4.0,4.0,0.0,4.0,0.0,24850.0,5676.0,4147602.0,16176.0,0.5321,0.81406,0.60571,0.6946,0.99479,0.79686,0.5321,50.75
N14,Manual,Annotator7,Non expert,thumper epfl server,QuPath v4,6.0,2.0,2.0,0.0,4.0,0.0,7634.0,1637.0,4163053.0,21980.0,0.24428,0.82343,0.25778,0.39264,0.99437,0.70133,0.24428,56.0
N15,Manual,Annotator7,Non expert,thumper epfl server,QuPath v4,16.0,6.0,6.0,0.0,10.0,0.0,42126.0,5102.0,4101824.0,45252.0,0.45551,0.89197,0.48211,0.62592,0.98799,0.80445,0.45551,22.16667
N16,Manual,Annotator7,Non expert,thumper epfl server,QuPath v4,14.0,12.0,13.0,0.0,1.0,0.0,112239.0,17659.0,4056058.0,8348.0,0.81188,0.86405,0.93077,0.89617,0.9938,0.82161,0.81188,65.16667
N17,Manual,Annotator7,Non expert,thumper epfl server,QuPath v4,29.0,21.0,21.0,2.0,9.0,0.0,124756.0,41377.0,3949179.0,78992.0,0.50895,0.75094,0.61231,0.67457,0.9713,0.70611,0.50895,37.52381
N18,Manual,Annotator7,Non expert,thumper epfl server,QuPath v4,33.0,23.0,26.0,1.0,11.0,0.0,198315.0,54423.0,3883797.0,57769.0,0.63868,0.78467,0.77441,0.77951,0.97325,0.73212,0.63868,54.43478
N19,Manual,Annotator7,Non expert,thumper epfl server,QuPath v4,49.0,30.0,43.0,3.0,12.0,0.0,216978.0,104252.0,3842009.0,31065.0,0.6159,0.67546,0.87476,0.7623,0.96774,0.70774,0.6159,42.23333
N20,Manual,Annotator7,Non expert,thumper epfl server,QuPath v4,19.0,15.0,16.0,1.0,4.0,0.0,110578.0,20030.0,4049032.0,14664.0,0.76118,0.84664,0.88291,0.8644,0.99173,0.82434,0.76118,48.0
N21,Manual,Annotator7,Non expert,thumper epfl server,QuPath v4,32.0,23.0,32.0,0.0,3.0,0.0,183770.0,59077.0,3935033.0,16424.0,0.7088,0.75673,0.91796,0.82958,0.982,0.73206,0.7088,47.69565
N03,Manual,Annotator6,Non expert,local Linux,QuPath v4,1.0,4.0,1.0,3.0,0.0,0.0,16411.0,19505.0,4154970.0,3418.0,0.41722,0.45693,0.82763,0.58879,0.99453,0.82638,0.41722,29.0
N06,Manual,Annotator6,Non expert,local Linux,QuPath v4,5.0,4.0,4.0,0.0,1.0,0.0,63843.0,8896.0,4113170.0,8395.0,0.78688,0.8777,0.88379,0.88073,0.99588,0.82379,0.78688,18.5
N07,Manual,Annotator6,Non expert,local Linux,QuPath v4,2.0,2.0,1.0,1.0,1.0,0.0,24374.0,18182.0,4136971.0,14777.0,0.42513,0.57275,0.62256,0.59662,0.99214,0.86666,0.42513,20.5
N08,Manual,Annotator6,Non expert,local Linux,QuPath v4,11.0,6.0,6.0,0.0,5.0,0.0,38467.0,22009.0,4110200.0,23628.0,0.45737,0.63607,0.61949,0.62767,0.98912,0.61802,0.45737,50.5
N09,Manual,Annotator6,Non expert,local Linux,QuPath v4,13.0,11.0,10.0,1.0,3.0,0.0,56169.0,43375.0,4080651.0,14109.0,0.49421,0.56426,0.79924,0.6615,0.98629,0.65431,0.49421,24.72727
N10,Manual,Annotator6,Non expert,local Linux,QuPath v4,12.0,9.0,6.0,3.0,6.0,0.0,34328.0,31680.0,4106848.0,21448.0,0.39252,0.52006,0.61546,0.56375,0.98733,0.64806,0.39252,25.11111
N11,Manual,Annotator6,Non expert,local Linux,QuPath v4,11.0,6.0,7.0,0.0,4.0,0.0,32493.0,12265.0,4135337.0,14209.0,0.55104,0.72597,0.69575,0.71054,0.99369,0.67356,0.55104,18.33333
N12,Manual,Annotator6,Non expert,local Linux,QuPath v4,8.0,5.0,6.0,0.0,2.0,0.0,34392.0,8106.0,4145172.0,6634.0,0.69999,0.80926,0.8383,0.82352,0.99649,0.76981,0.69999,31.6
N14,Manual,Annotator6,Non expert,local Linux,QuPath v4,6.0,5.0,4.0,1.0,2.0,0.0,23377.0,16284.0,4148406.0,6237.0,0.50933,0.58942,0.78939,0.6749,0.99463,0.62264,0.50933,32.4
N15,Manual,Annotator6,Non expert,local Linux,QuPath v4,16.0,13.0,11.0,2.0,5.0,0.0,68267.0,32862.0,4074064.0,19111.0,0.56776,0.67505,0.78128,0.72429,0.98761,0.67514,0.56776,25.46154
N16,Manual,Annotator6,Non expert,local Linux,QuPath v4,14.0,15.0,13.0,3.0,1.0,0.0,112573.0,44610.0,4029107.0,8014.0,0.68145,0.71619,0.93354,0.81055,0.98745,0.75645,0.68145,19.26667
N17,Manual,Annotator6,Non expert,local Linux,QuPath v4,29.0,32.0,31.0,9.0,2.0,0.0,188005.0,174299.0,3816257.0,15743.0,0.49731,0.51892,0.92273,0.66427,0.95469,0.60956,0.49731,11.25
N18,Manual,Annotator6,Non expert,local Linux,QuPath v4,33.0,29.0,30.0,4.0,5.0,0.0,223722.0,153523.0,3784697.0,32362.0,0.54619,0.59304,0.87363,0.7065,0.95568,0.61227,0.54619,11.13793
N19,Manual,Annotator6,Non expert,local Linux,QuPath v4,49.0,33.0,45.0,5.0,7.0,0.0,226809.0,206459.0,3739802.0,21234.0,0.49903,0.52348,0.91439,0.6658,0.94571,0.575,0.49903,6.54545
N20,Manual,Annotator6,Non expert,local Linux,QuPath v4,19.0,14.0,15.0,2.0,4.0,0.0,101577.0,51905.0,4017157.0,23665.0,0.57341,0.66182,0.81105,0.72887,0.98198,0.69321,0.57341,9.78571
N21,Manual,Annotator6,Non expert,local Linux,QuPath v4,32.0,19.0,31.0,2.0,2.0,0.0,186736.0,132737.0,3861373.0,13458.0,0.56088,0.58451,0.93278,0.71868,0.96514,0.61183,0.56088,9.21053
N03,Manual,Annotator8,Non expert,local Linux,QuPath v5,1.0,1.0,1.0,0.0,0.0,0.0,18030.0,1158.0,4173317.0,1799.0,0.8591,0.93965,0.90927,0.92421,0.99929,0.8591,0.8591,34.0
N06,Manual,Annotator8,Non expert,local Linux,QuPath v5,5.0,7.0,5.0,2.0,0.0,0.0,64521.0,33031.0,4089035.0,7717.0,0.61292,0.6614,0.89317,0.76001,0.99028,0.87319,0.61292,31.14286
N07,Manual,Annotator8,Non expert,local Linux,QuPath v5,2.0,2.0,2.0,0.0,0.0,0.0,35109.0,4017.0,4151136.0,4042.0,0.81331,0.89733,0.89676,0.89705,0.99808,0.81331,0.81331,34.0
N08,Manual,Annotator8,Non expert,local Linux,QuPath v5,11.0,5.0,5.0,0.0,6.0,0.0,30305.0,5377.0,4126832.0,31790.0,0.44915,0.84931,0.48804,0.61988,0.99114,0.75583,0.44915,19.2
N09,Manual,Annotator8,Non expert,local Linux,QuPath v5,13.0,10.0,9.0,1.0,4.0,0.0,43847.0,11561.0,4112465.0,26431.0,0.53577,0.79135,0.62391,0.69772,0.99094,0.72361,0.53577,15.8
N10,Manual,Annotator8,Non expert,local Linux,QuPath v5,12.0,8.0,8.0,0.0,4.0,0.0,37396.0,5225.0,4133303.0,18380.0,0.61304,0.87741,0.67047,0.7601,0.99437,0.80358,0.61304,14.625
N12,Manual,Annotator8,Non expert,local Linux,QuPath v5,8.0,3.0,3.0,0.0,5.0,0.0,21685.0,7579.0,4145699.0,19341.0,0.44615,0.74101,0.52857,0.61702,0.99358,0.73001,0.44615,16.33333
N13,Manual,Annotator8,Non expert,local Linux,QuPath v5,2.0,4.0,1.0,3.0,1.0,0.0,2315.0,68354.0,4122637.0,998.0,0.0323,0.03276,0.69876,0.06258,0.98347,0.75877,0.0323,20.0
N14,Manual,Annotator8,Non expert,local Linux,QuPath v5,6.0,5.0,4.0,1.0,2.0,0.0,13277.0,15121.0,4149569.0,16337.0,0.29679,0.46753,0.44834,0.45773,0.9925,0.66947,0.29679,35.4
N15,Manual,Annotator8,Non expert,local Linux,QuPath v5,16.0,8.0,9.0,0.0,7.0,0.0,63815.0,18669.0,4088257.0,23563.0,0.60176,0.77367,0.73033,0.75137,0.98993,0.71135,0.60176,42.25
N16,Manual,Annotator8,Non expert,local Linux,QuPath v5,14.0,12.0,13.0,0.0,1.0,0.0,106763.0,9359.0,4064358.0,13824.0,0.8216,0.9194,0.88536,0.90206,0.99447,0.83208,0.8216,25.5
N17,Manual,Annotator8,Non expert,local Linux,QuPath v5,29.0,20.0,23.0,2.0,7.0,0.0,149772.0,40227.0,3950329.0,53976.0,0.61388,0.78828,0.73508,0.76075,0.97754,0.72999,0.61388,17.25
N18,Manual,Annotator8,Non expert,local Linux,QuPath v5,33.0,22.0,25.0,2.0,11.0,0.0,189372.0,55528.0,3882692.0,66712.0,0.60772,0.77326,0.73949,0.756,0.97086,0.72309,0.60772,20.13636
N19,Manual,Annotator8,Non expert,local Linux,QuPath v5,49.0,20.0,35.0,2.0,16.0,0.0,203256.0,113511.0,3832750.0,44787.0,0.56217,0.64166,0.81944,0.71973,0.96226,0.6616,0.56217,19.15
N20,Manual,Annotator8,Non expert,local Linux,QuPath v5,19.0,11.0,13.0,0.0,6.0,0.0,100208.0,11237.0,4057825.0,25034.0,0.73424,0.89917,0.80011,0.84676,0.99135,0.84257,0.73424,15.54545
N21,Manual,Annotator8,Non expert,local Linux,QuPath v5,32.0,20.0,30.0,0.0,4.0,0.0,175411.0,45203.0,3948907.0,24783.0,0.7148,0.7951,0.87621,0.83369,0.98331,0.75114,0.7148,17.7
N07,SAM,Annotator7,Non expert,thumper epfl server,QuPath v4,2.0,2.0,2.0,0.0,0.0,0.0,36834.0,4240.0,4150913.0,2317.0,0.84889,0.89677,0.94082,0.91827,0.99844,0.84889,0.84889,7.5
N08,SAM,Annotator7,Non expert,thumper epfl server,QuPath v4,11.0,3.0,3.0,0.0,8.0,0.0,15267.0,2964.0,4129245.0,46828.0,0.23466,0.83742,0.24587,0.38013,0.98813,0.76749,0.23466,55.66667
N18,SAM,Annotator7,Non expert,thumper epfl server,QuPath v4,33.0,20.0,23.0,1.0,13.0,0.0,188321.0,67935.0,3870285.0,67763.0,0.5812,0.73489,0.73539,0.73514,0.96765,0.71226,0.5812,20.35
N10,SAM,Annotator7,Non expert,thumper epfl server,QuPath v4,12.0,14.0,10.0,4.0,2.0,0.0,45652.0,20357.0,4118171.0,10124.0,0.59963,0.6916,0.81849,0.74971,0.99273,0.7826,0.59963,15.57143
N16,SAM,Annotator7,Non expert,thumper epfl server,QuPath v4,14.0,11.0,12.0,0.0,2.0,0.0,107436.0,29903.0,4043814.0,13151.0,0.71391,0.78227,0.89094,0.83308,0.98974,0.74207,0.71391,12.09091
N15,SAM,Annotator7,Non expert,thumper epfl server,QuPath v4,16.0,6.0,6.0,0.0,10.0,0.0,44044.0,8427.0,4098499.0,43334.0,0.45973,0.8394,0.50406,0.62988,0.98766,0.79086,0.45973,9.0
N21,SAM,Annotator7,Non expert,thumper epfl server,QuPath v4,32.0,18.0,27.0,0.0,7.0,0.0,170155.0,52374.0,3941736.0,30039.0,0.6737,0.76464,0.84995,0.80504,0.98035,0.74423,0.6737,6.22222
N06,SAM,Annotator7,Non expert,thumper epfl server,QuPath v4,5.0,4.0,3.0,1.0,2.0,0.0,43245.0,4004.0,4118062.0,28993.0,0.56721,0.91526,0.59865,0.72384,0.99213,0.89521,0.56721,9.5
N20,SAM,Annotator7,Non expert,thumper epfl server,QuPath v4,19.0,11.0,13.0,0.0,6.0,0.0,101170.0,13213.0,4055849.0,24072.0,0.73071,0.88448,0.8078,0.8444,0.99111,0.83675,0.73071,5.72727
N09,SAM,Annotator7,Non expert,thumper epfl server,QuPath v4,13.0,8.0,8.0,0.0,5.0,0.0,47246.0,6069.0,4117957.0,23032.0,0.61883,0.88617,0.67227,0.76454,0.99306,0.77629,0.61883,13.125
N12,SAM,Annotator7,Non expert,thumper epfl server,QuPath v4,8.0,5.0,5.0,0.0,3.0,0.0,31109.0,7687.0,4145591.0,9917.0,0.63862,0.80186,0.75828,0.77946,0.9958,0.7862,0.63862,8.6
N03,SAM,Annotator7,Non expert,thumper epfl server,QuPath v4,1.0,1.0,1.0,0.0,0.0,0.0,15638.0,34.0,4174441.0,4191.0,0.78729,0.99783,0.78864,0.88099,0.99899,0.78729,0.78729,8.0
N11,SAM,Annotator7,Non expert,thumper epfl server,QuPath v4,11.0,8.0,8.0,0.0,3.0,0.0,33230.0,3935.0,4143667.0,13472.0,0.65624,0.89412,0.71153,0.79245,0.99585,0.77742,0.65624,10.5
N17,SAM,Annotator7,Non expert,thumper epfl server,QuPath v4,29.0,29.0,26.0,7.0,5.0,0.0,156153.0,69516.0,3921040.0,47595.0,0.57144,0.69196,0.7664,0.72728,0.97208,0.68455,0.57144,6.93103
N19,SAM,Annotator7,Non expert,thumper epfl server,QuPath v4,49.0,26.0,39.0,2.0,15.0,0.0,211528.0,103132.0,3843129.0,36515.0,0.60234,0.67224,0.85279,0.75183,0.96671,0.7094,0.60234,6.5
N07,SAM,Annotator6,Non expert,local Linux,QuPath v4,2.0,2.0,2.0,0.0,0.0,0.0,36668.0,9315.0,4145838.0,2483.0,0.75657,0.79743,0.93658,0.86142,0.99719,0.75657,0.75657,13.0
N08,SAM,Annotator6,Non expert,local Linux,QuPath v4,11.0,5.0,5.0,0.0,6.0,0.0,31957.0,6129.0,4126080.0,30138.0,0.46841,0.83907,0.51465,0.63799,0.99135,0.74862,0.46841,41.0
N18,SAM,Annotator6,Non expert,local Linux,QuPath v4,33.0,22.0,25.0,1.0,9.0,0.0,212940.0,86696.0,3851524.0,43144.0,0.62121,0.71066,0.83152,0.76636,0.96904,0.69827,0.62121,9.45455
N14,SAM,Annotator6,Non expert,local Linux,QuPath v4,6.0,6.0,5.0,1.0,1.0,0.0,26307.0,17371.0,4147319.0,3307.0,0.5599,0.60229,0.88833,0.71787,0.99507,0.631,0.5599,49.66667
N10,SAM,Annotator6,Non expert,local Linux,QuPath v4,12.0,14.0,10.0,4.0,2.0,0.0,45288.0,25736.0,4112792.0,10488.0,0.5556,0.63764,0.81196,0.71432,0.99136,0.7799,0.5556,8.57143
N16,SAM,Annotator6,Non expert,local Linux,QuPath v4,14.0,12.0,13.0,0.0,1.0,0.0,110573.0,23473.0,4050244.0,10014.0,0.76755,0.82489,0.91696,0.86849,0.99202,0.77638,0.76755,8.25
N15,SAM,Annotator6,Non expert,local Linux,QuPath v4,16.0,10.0,10.0,1.0,6.0,0.0,66956.0,19138.0,4087788.0,20422.0,0.6286,0.77771,0.76628,0.77195,0.99057,0.75814,0.6286,10.5
N21,SAM,Annotator6,Non expert,local Linux,QuPath v4,32.0,20.0,32.0,0.0,4.0,0.0,184990.0,66264.0,3927846.0,15204.0,0.69426,0.73627,0.92405,0.81954,0.98058,0.72576,0.69426,4.0
N06,SAM,Annotator6,Non expert,local Linux,QuPath v4,5.0,5.0,5.0,0.0,0.0,0.0,65395.0,1419.0,4120647.0,6843.0,0.88783,0.97876,0.90527,0.94058,0.99803,0.88783,0.88783,4.8
N20,SAM,Annotator6,Non expert,local Linux,QuPath v4,19.0,15.0,16.0,1.0,3.0,0.0,111577.0,18147.0,4050915.0,13665.0,0.77814,0.86011,0.89089,0.87523,0.99242,0.83596,0.77814,11.0
N09,SAM,Annotator6,Non expert,local Linux,QuPath v4,13.0,16.0,11.0,5.0,3.0,0.0,53356.0,33555.0,4090471.0,16922.0,0.51386,0.61392,0.75921,0.67888,0.98797,0.67892,0.51386,13.375
N12,SAM,Annotator6,Non expert,local Linux,QuPath v4,8.0,7.0,6.0,1.0,2.0,0.0,34281.0,9467.0,4143811.0,6745.0,0.67893,0.7836,0.83559,0.80876,0.99613,0.81021,0.67893,5.71429
N03,SAM,Annotator6,Non expert,local Linux,QuPath v4,1.0,1.0,1.0,0.0,0.0,0.0,14390.0,0.0,4174475.0,5439.0,0.7257,1.0,0.7257,0.84105,0.9987,0.7257,0.7257,8.0
N11,SAM,Annotator6,Non expert,local Linux,QuPath v4,11.0,11.0,8.0,3.0,3.0,0.0,32514.0,13855.0,4133747.0,14188.0,0.53692,0.7012,0.6962,0.69869,0.99331,0.75133,0.53692,12.0
N17,SAM,Annotator6,Non expert,local Linux,QuPath v4,29.0,21.0,23.0,4.0,6.0,0.0,157251.0,69388.0,3921168.0,46497.0,0.57572,0.69384,0.77179,0.73074,0.97237,0.68042,0.57572,5.33333
N19,SAM,Annotator6,Non expert,local Linux,QuPath v4,49.0,32.0,43.0,5.0,9.0,0.0,219216.0,111076.0,3835185.0,28827.0,0.61043,0.6637,0.88378,0.75809,0.96664,0.71112,0.61043,5.65625
N07,SAM,Annotator8,Non expert,local Linux,QuPath v5,2.0,2.0,2.0,0.0,0.0,0.0,37056.0,5304.0,4149849.0,2095.0,0.83356,0.87479,0.94649,0.90923,0.99824,0.83356,0.83356,12.0
N18,SAM,Annotator8,Non expert,local Linux,QuPath v5,33.0,21.0,24.0,1.0,9.0,0.0,211111.0,97715.0,3840505.0,44973.0,0.5967,0.68359,0.82438,0.74741,0.96598,0.66026,0.5967,17.0
N14,SAM,Annotator8,Non expert,local Linux,QuPath v5,6.0,6.0,6.0,0.0,0.0,0.0,23938.0,4372.0,4160318.0,5676.0,0.70435,0.84557,0.80833,0.82653,0.9976,0.70435,0.70435,15.83333
N10,SAM,Annotator8,Non expert,local Linux,QuPath v5,12.0,5.0,5.0,0.0,7.0,0.0,28927.0,6603.0,4131925.0,26849.0,0.46373,0.81416,0.51863,0.63363,0.99202,0.78365,0.46373,14.2
N16,SAM,Annotator8,Non expert,local Linux,QuPath v5,14.0,12.0,12.0,1.0,2.0,0.0,106844.0,37154.0,4036563.0,13743.0,0.67734,0.74198,0.88603,0.80763,0.98787,0.73573,0.67734,14.33333
N15,SAM,Annotator8,Non expert,local Linux,QuPath v5,16.0,10.0,10.0,1.0,6.0,0.0,71757.0,34150.0,4072776.0,15621.0,0.59046,0.67755,0.82123,0.7425,0.98813,0.69371,0.59046,7.0
N21,SAM,Annotator8,Non expert,local Linux,QuPath v5,32.0,16.0,26.0,0.0,6.0,0.0,173338.0,62330.0,3931780.0,26856.0,0.66027,0.73552,0.86585,0.79538,0.97874,0.71696,0.66027,6.8125
N20,SAM,Annotator8,Non expert,local Linux,QuPath v5,19.0,11.0,13.0,1.0,6.0,0.0,102946.0,19163.0,4049899.0,22296.0,0.7129,0.84307,0.82198,0.83239,0.99012,0.82574,0.7129,6.27273
N09,SAM,Annotator8,Non expert,local Linux,QuPath v5,13.0,10.0,10.0,0.0,3.0,0.0,53978.0,8548.0,4115478.0,16300.0,0.68477,0.86329,0.76806,0.8129,0.99408,0.76345,0.68477,3.6
N12,SAM,Annotator8,Non expert,local Linux,QuPath v5,8.0,4.0,4.0,0.0,4.0,0.0,27909.0,4420.0,4148858.0,13117.0,0.61411,0.86328,0.68028,0.76093,0.99582,0.83179,0.61411,4.25
N03,SAM,Annotator8,Non expert,local Linux,QuPath v5,1.0,1.0,1.0,0.0,0.0,0.0,17260.0,272.0,4174203.0,2569.0,0.85866,0.98449,0.87044,0.92396,0.99932,0.85866,0.85866,12.0
N11,SAM,Annotator8,Non expert,local Linux,QuPath v5,11.0,4.0,4.0,0.0,7.0,0.0,23853.0,3071.0,4144531.0,22849.0,0.47924,0.88594,0.51075,0.64795,0.99382,0.77826,0.47924,7.25
N17,SAM,Annotator8,Non expert,local Linux,QuPath v5,29.0,20.0,24.0,1.0,6.0,0.0,163151.0,62738.0,3927818.0,40597.0,0.61223,0.72226,0.80075,0.75948,0.97536,0.68196,0.61223,7.6
N19,SAM,Annotator8,Non expert,local Linux,QuPath v5,49.0,20.0,34.0,1.0,15.0,0.0,214216.0,128574.0,3817687.0,33827.0,0.56879,0.62492,0.86362,0.72513,0.96128,0.63841,0.56879,6.45
N17,SAM corrected,Annotator7,Non expert,thumper epfl server,QuPath v4,29.0,25.0,28.0,3.0,6.0,0.0,167528.0,81735.0,3908821.0,36220.0,0.58682,0.67209,0.82223,0.73962,0.97188,0.67886,0.58682,40.8
N19,SAM corrected,Annotator7,Non expert,thumper epfl server,QuPath v4,49.0,23.0,33.0,2.0,20.0,0.0,187627.0,91556.0,3854705.0,60416.0,0.5525,0.67206,0.75643,0.71175,0.96377,0.69857,0.5525,47.13043
N20,SAM corrected,Annotator7,Non expert,thumper epfl server,QuPath v4,19.0,12.0,15.0,0.0,6.0,0.0,101326.0,13068.0,4055994.0,23916.0,0.7326,0.88576,0.80904,0.84567,0.99118,0.83905,0.7326,26.5
N16,SAM corrected,Annotator7,Non expert,thumper epfl server,QuPath v4,14.0,9.0,9.0,0.0,5.0,0.0,95120.0,15869.0,4057848.0,25467.0,0.69707,0.85702,0.78881,0.8215,0.99014,0.7971,0.69707,35.88889
N18,SAM corrected,Annotator7,Non expert,thumper epfl server,QuPath v4,33.0,21.0,23.0,1.0,12.0,0.0,206715.0,82870.0,3855350.0,49369.0,0.60986,0.71383,0.80722,0.75766,0.96847,0.69953,0.60986,13.57143
N08,SAM corrected,Annotator7,Non expert,thumper epfl server,QuPath v4,11.0,4.0,4.0,0.0,7.0,0.0,26390.0,7432.0,4124777.0,35705.0,0.37956,0.78026,0.42499,0.55027,0.98972,0.73426,0.37956,24.75
N12,SAM corrected,Annotator7,Non expert,thumper epfl server,QuPath v4,8.0,4.0,3.0,1.0,5.0,0.0,21150.0,5316.0,4147962.0,19876.0,0.45639,0.79914,0.51553,0.62674,0.99399,0.83052,0.45639,12.75
N14,SAM corrected,Annotator7,Non expert,thumper epfl server,QuPath v4,6.0,4.0,4.0,0.0,2.0,0.0,22877.0,5152.0,4159538.0,6737.0,0.65803,0.81619,0.77251,0.79375,0.99717,0.76029,0.65803,26.25
N10,SAM corrected,Annotator7,Non expert,thumper epfl server,QuPath v4,12.0,11.0,9.0,2.0,3.0,0.0,42982.0,14601.0,4123927.0,12794.0,0.61074,0.74644,0.77062,0.75833,0.99347,0.79354,0.61074,27.27273
N11,SAM corrected,Annotator7,Non expert,thumper epfl server,QuPath v4,11.0,6.0,6.0,0.0,5.0,0.0,30012.0,4510.0,4143092.0,16690.0,0.58603,0.86936,0.64263,0.73899,0.99495,0.79722,0.58603,16.33333
N03,SAM corrected,Annotator7,Non expert,thumper epfl server,QuPath v4,1.0,1.0,1.0,0.0,0.0,0.0,16926.0,43.0,4174432.0,2903.0,0.85175,0.99747,0.8536,0.91994,0.9993,0.85175,0.85175,6.0
N06,SAM corrected,Annotator7,Non expert,thumper epfl server,QuPath v4,5.0,5.0,4.0,1.0,1.0,0.0,66371.0,6779.0,4115287.0,5867.0,0.83996,0.90733,0.91878,0.91302,0.99698,0.92078,0.83996,17.0
N21,SAM corrected,Annotator7,Non expert,thumper epfl server,QuPath v4,32.0,25.0,36.0,0.0,0.0,0.0,193205.0,71254.0,3922856.0,6989.0,0.71176,0.73057,0.96509,0.83161,0.98135,0.71176,0.71176,20.92
N09,SAM corrected,Annotator7,Non expert,thumper epfl server,QuPath v4,13.0,9.0,9.0,0.0,4.0,0.0,50502.0,8021.0,4116005.0,19776.0,0.64499,0.86294,0.7186,0.78419,0.99337,0.76173,0.64499,20.55556
N17,SAM corrected,Annotator6,Non expert,local Linux,QuPath v4,29.0,14.0,19.0,2.0,10.0,0.0,143558.0,68965.0,3921591.0,60190.0,0.52641,0.67549,0.70459,0.68973,0.96921,0.69529,0.52641,26.0
N19,SAM corrected,Annotator6,Non expert,local Linux,QuPath v4,49.0,24.0,32.0,6.0,20.0,0.0,170267.0,116508.0,3829753.0,77776.0,0.46706,0.59373,0.68644,0.63673,0.95368,0.63954,0.46706,14.79167
N20,SAM corrected,Annotator6,Non expert,local Linux,QuPath v4,19.0,12.0,15.0,0.0,4.0,0.0,102481.0,17930.0,4051132.0,22761.0,0.71579,0.85109,0.81826,0.83436,0.9903,0.81027,0.71579,17.0
N15,SAM corrected,Annotator6,Non expert,local Linux,QuPath v4,16.0,12.0,12.0,1.0,4.0,0.0,70376.0,23853.0,4083073.0,17002.0,0.6327,0.74686,0.80542,0.77504,0.99026,0.72977,0.6327,19.08333
N16,SAM corrected,Annotator6,Non expert,local Linux,QuPath v4,14.0,14.0,13.0,2.0,2.0,0.0,107620.0,31558.0,4042159.0,12967.0,0.70735,0.77325,0.89247,0.8286,0.98938,0.77431,0.70735,24.5
N18,SAM corrected,Annotator6,Non expert,local Linux,QuPath v4,33.0,23.0,25.0,1.0,8.0,0.0,218387.0,111768.0,3826452.0,37697.0,0.59368,0.66147,0.85279,0.74504,0.96436,0.637,0.59368,9.13043
N08,SAM corrected,Annotator6,Non expert,local Linux,QuPath v4,11.0,5.0,5.0,0.0,6.0,0.0,33243.0,10775.0,4121434.0,28852.0,0.4562,0.75521,0.53536,0.62656,0.99055,0.71937,0.4562,42.8
N12,SAM corrected,Annotator6,Non expert,local Linux,QuPath v4,8.0,8.0,8.0,1.0,0.0,0.0,38983.0,18966.0,4134312.0,2043.0,0.6498,0.67271,0.9502,0.78773,0.99499,0.69082,0.6498,32.125
N14,SAM corrected,Annotator6,Non expert,local Linux,QuPath v4,6.0,3.0,3.0,0.0,3.0,0.0,19125.0,8097.0,4156593.0,10489.0,0.50715,0.70256,0.64581,0.67299,0.99557,0.66703,0.50715,41.66667
N10,SAM corrected,Annotator6,Non expert,local Linux,QuPath v4,12.0,12.0,9.0,3.0,3.0,0.0,43379.0,20765.0,4117763.0,12397.0,0.56674,0.67628,0.77774,0.72347,0.99209,0.76875,0.56674,24.91667
N11,SAM corrected,Annotator6,Non expert,local Linux,QuPath v4,11.0,6.0,5.0,1.0,6.0,0.0,25386.0,6236.0,4141366.0,21316.0,0.47954,0.8028,0.54357,0.64823,0.99343,0.78726,0.47954,32.33333
N03,SAM corrected,Annotator6,Non expert,local Linux,QuPath v4,1.0,1.0,1.0,0.0,0.0,0.0,17422.0,164.0,4174311.0,2407.0,0.8714,0.99067,0.87861,0.93128,0.99939,0.8714,0.8714,7.0
N07,SAM corrected,Annotator6,Non expert,local Linux,QuPath v4,2.0,2.0,2.0,0.0,0.0,0.0,37061.0,5669.0,4149484.0,2090.0,0.82689,0.86733,0.94662,0.90524,0.99815,0.82689,0.82689,8.5
N06,SAM corrected,Annotator6,Non expert,local Linux,QuPath v4,5.0,5.0,5.0,0.0,0.0,0.0,68011.0,1873.0,4120193.0,4227.0,0.91769,0.9732,0.94149,0.95708,0.99855,0.91769,0.91769,13.2
N21,SAM corrected,Annotator6,Non expert,local Linux,QuPath v4,32.0,23.0,33.0,1.0,2.0,0.0,185133.0,59556.0,3934554.0,15061.0,0.71274,0.75661,0.92477,0.83228,0.98221,0.74752,0.71274,5.73913
N09,SAM corrected,Annotator6,Non expert,local Linux,QuPath v4,13.0,13.0,11.0,2.0,2.0,0.0,55905.0,24884.0,4099142.0,14373.0,0.58747,0.69199,0.79548,0.74014,0.99064,0.70996,0.58747,22.61538
N17,SAM corrected,Annotator8,Non expert,local Linux,QuPath v5,29.0,19.0,22.0,3.0,8.0,0.0,152896.0,129589.0,3860967.0,50852.0,0.45868,0.54125,0.75042,0.6289,0.95698,0.57504,0.45868,13.26316
N19,SAM corrected,Annotator8,Non expert,local Linux,QuPath v5,49.0,17.0,37.0,1.0,12.0,0.0,213973.0,138901.0,3807360.0,34070.0,0.55298,0.60637,0.86264,0.71215,0.95876,0.61445,0.55298,31.76471
N20,SAM corrected,Annotator8,Non expert,local Linux,QuPath v5,19.0,12.0,14.0,0.0,5.0,0.0,107405.0,18930.0,4050132.0,17837.0,0.74498,0.85016,0.85758,0.85385,0.99123,0.81194,0.74498,27.0
N15,SAM corrected,Annotator8,Non expert,local Linux,QuPath v5,16.0,10.0,9.0,2.0,7.0,0.0,66483.0,27248.0,4079678.0,20895.0,0.58,0.7093,0.76087,0.73418,0.98852,0.72608,0.58,27.2
N16,SAM corrected,Annotator8,Non expert,local Linux,QuPath v5,14.0,14.0,14.0,1.0,0.0,0.0,106352.0,21936.0,4051781.0,14235.0,0.74621,0.82901,0.88195,0.85466,0.99138,0.77908,0.74621,13.35714
N18,SAM corrected,Annotator8,Non expert,local Linux,QuPath v5,33.0,19.0,25.0,1.0,9.0,0.0,217598.0,173165.0,3765055.0,38486.0,0.50693,0.55685,0.84971,0.6728,0.94954,0.60918,0.50693,17.36842
N08,SAM corrected,Annotator8,Non expert,local Linux,QuPath v5,11.0,6.0,6.0,0.0,5.0,0.0,38365.0,10150.0,4122059.0,23730.0,0.53104,0.79079,0.61784,0.6937,0.99192,0.74486,0.53104,13.83333
N12,SAM corrected,Annotator8,Non expert,local Linux,QuPath v5,8.0,4.0,4.0,0.0,4.0,0.0,23250.0,12409.0,4140869.0,17776.0,0.43511,0.65201,0.56671,0.60638,0.9928,0.64152,0.43511,13.5
N14,SAM corrected,Annotator8,Non expert,local Linux,QuPath v5,6.0,5.0,5.0,0.0,1.0,0.0,25263.0,6048.0,4158642.0,4351.0,0.7084,0.80684,0.85308,0.82931,0.99752,0.7625,0.7084,11.4
N10,SAM corrected,Annotator8,Non expert,local Linux,QuPath v5,12.0,10.0,7.0,3.0,5.0,0.0,34759.0,28768.0,4109760.0,21017.0,0.41114,0.54715,0.62319,0.5827,0.98813,0.79697,0.41114,7.4
N11,SAM corrected,Annotator8,Non expert,local Linux,QuPath v5,11.0,9.0,7.0,2.0,4.0,0.0,30156.0,10612.0,4136990.0,16546.0,0.52615,0.7397,0.64571,0.68952,0.99353,0.73253,0.52615,1.66667
N03,SAM corrected,Annotator8,Non expert,local Linux,QuPath v5,1.0,1.0,1.0,0.0,0.0,0.0,17139.0,79.0,4174396.0,2690.0,0.86091,0.99541,0.86434,0.92526,0.99934,0.86091,0.86091,17.0
N07,SAM corrected,Annotator8,Non expert,local Linux,QuPath v5,2.0,2.0,2.0,0.0,0.0,0.0,37038.0,6519.0,4148634.0,2113.0,0.81099,0.85033,0.94603,0.89563,0.99794,0.81099,0.81099,18.5
N06,SAM corrected,Annotator8,Non expert,local Linux,QuPath v5,5.0,5.0,4.0,1.0,1.0,0.0,63562.0,29968.0,4092098.0,8676.0,0.6219,0.67959,0.8799,0.76688,0.99079,0.90223,0.6219,10.8
N21,SAM corrected,Annotator8,Non expert,local Linux,QuPath v5,32.0,20.0,30.0,0.0,4.0,0.0,181322.0,62880.0,3931230.0,18872.0,0.68924,0.74251,0.90573,0.81604,0.98051,0.72659,0.68924,8.8
N09,SAM corrected,Annotator8,Non expert,local Linux,QuPath v5,13.0,7.0,7.0,0.0,6.0,0.0,38480.0,6474.0,4117552.0,31798.0,0.50136,0.85599,0.54754,0.66787,0.99088,0.75452,0.50136,5.42857
